_id,spending_behavior,processing_timestamp,applicant_info.gender,applicant_info.date_of_birth,applicant_info.zip_code,financials.annual_income,financials.credit_history_months,financials.debt_to_income,financials.savings_balance,decision.loan_approved,decision.rejection_reason,loan_purpose,decision.interest_rate,decision.approved_amount
app_163,"[{'category': 'Shopping', 'amount': 404}]",2024-01-15 00:00:00+00:00,male,1981-06-03,10019,104000.0,58.0,0.3,38425.0,True,,,2.9,47000.0
app_141,"[{'category': 'Groceries', 'amount': 399}]",2024-01-15 00:00:00+00:00,male,1982-08-19,10002,125000.0,39.0,0.37,72682.0,True,,,3.2,37000.0
app_143,"[{'category': 'Groceries', 'amount': 791}]",2024-01-15 00:00:00+00:00,male,1958-12-21,10048,66000.0,113.0,0.28,23503.0,True,,,6.4,66000.0
app_182,"[{'category': 'Insurance', 'amount': 633}]",2024-01-15 00:00:00+00:00,male,1982-11-17,10096,102000.0,53.0,0.39,39743.0,True,,,2.9,40000.0
app_223,"[{'category': 'Groceries', 'amount': 112}]",,male,2000-12-28,10040,57000.0,0.0,0.26,4528.0,True,,medical,5.1,40000.0
app_233,"[{'category': 'Transportation', 'amount': 363}]",,female,1991-04-23,90232,70000.0,64.0,0.19,21220.0,True,,wedding,4.4,42000.0
app_162,"[{'category': 'Dining', 'amount': 303}, {'category': 'Entertainment', 'amount': 197}, {'category': 'Fitness', 'amount': 617}]",2024-01-15 00:00:00+00:00,male,1991-12-11,10066,55000.0,47.0,0.3,10407.0,True,,,2.7,71000.0
app_146,"[{'category': 'Education', 'amount': 687}, {'category': 'Shopping', 'amount': 73}]",2024-01-15 00:00:00+00:00,female,1970-04-26,90262,79000.0,102.0,0.2,24961.0,True,,,2.7,61000.0
app_244,"[{'category': 'Travel', 'amount': 500}]",,male,1996-03-17,10074,79000.0,56.0,0.08,17047.0,True,,education,3.2,26000.0
app_152,"[{'category': 'Healthcare', 'amount': 893}]",2024-01-15 00:00:00+00:00,male,2001-07-27,10012,46000.0,26.0,0.16,21942.0,True,,,4.7,19000.0
app_149,"[{'category': 'Utilities', 'amount': 570}, {'category': 'Dining', 'amount': 376}]",2024-01-15 00:00:00+00:00,female,1978-11-10,90224,132000.0,72.0,0.2,48329.0,True,,,5.1,29000.0
app_154,"[{'category': 'Education', 'amount': 60}]",2024-01-15 00:00:00+00:00,female,1985-12-16,30015,119000.0,65.0,0.09,86849.0,True,,,6.5,15000.0
app_188,"[{'category': 'Utilities', 'amount': 269}, {'category': 'Entertainment', 'amount': 449}]",2024-01-15 00:00:00+00:00,female,1987-04-03,90263,98000.0,64.0,0.17,45696.0,True,,,2.7,27000.0
app_202,"[{'category': 'Healthcare', 'amount': 73}, {'category': 'Rent', 'amount': 263}, {'category': 'Entertainment', 'amount': 512}]",,male,1996-02-24,10097,62000.0,29.0,0.11,14258.0,True,,auto,5.8,64000.0
app_209,"[{'category': 'Healthcare', 'amount': 608}, {'category': 'Rent', 'amount': 798}]",,male,1988-03-16,10010,106000.0,51.0,0.15,51382.0,True,,moving,5.2,59000.0
app_203,"[{'category': 'Insurance', 'amount': 645}]",,male,1993-10-29,10093,58000.0,47.0,0.44,21458.0,True,,moving,3.0,51000.0
app_164,"[{'category': 'Utilities', 'amount': 218}, {'category': 'Travel', 'amount': 798}, {'category': 'Transportation', 'amount': 430}]",2024-01-15 00:00:00+00:00,male,1978-10-04,10004,101000.0,117.0,0.14,34221.0,True,,,4.1,62000.0
app_147,"[{'category': 'Rent', 'amount': 817}, {'category': 'Healthcare', 'amount': 126}, {'category': 'Fitness', 'amount': 836}]",2024-01-15 00:00:00+00:00,male,1978-08-16,10092,79000.0,67.0,0.43,41974.0,True,,,4.9,65000.0
app_195,"[{'category': 'Rent', 'amount': 227}, {'category': 'Travel', 'amount': 554}, {'category': 'Insurance', 'amount': 190}, {'category': 'Adult Entertainment', 'amount': 579}]",2024-01-15 00:00:00+00:00,male,1992-03-26,10005,61000.0,0.0,0.29,19373.0,True,,,5.1,77000.0
app_241,"[{'category': 'Utilities', 'amount': 485}, {'category': 'Groceries', 'amount': 503}, {'category': 'Shopping', 'amount': 89}]",,female,1964-07-10,90230,96000.0,103.0,0.44,31709.0,True,,personal,5.8,18000.0
app_208,"[{'category': 'Dining', 'amount': 114}, {'category': 'Fitness', 'amount': 795}]",,male,1966-10-28,10061,97000.0,92.0,0.34,21594.0,True,,education,2.8,26000.0
app_228,"[{'category': 'Education', 'amount': 675}, {'category': 'Insurance', 'amount': 321}]",,female,1987-12-14,90280,70000.0,58.0,0.42,25883.0,True,,vacation,3.5,35000.0
app_160,"[{'category': 'Entertainment', 'amount': 883}, {'category': 'Fitness', 'amount': 128}]",2024-01-15 00:00:00+00:00,male,1982-12-29,10056,80000.0,18.0,0.18,58748.0,True,,,2.8,31000.0
app_142,"[{'category': 'Groceries', 'amount': 146}]",2024-01-15 00:00:00+00:00,male,2001-10-24,10050,72000.0,66.0,0.34,15207.0,True,,,3.0,17000.0
app_144,"[{'category': 'Fitness', 'amount': 513}]",2024-01-15 00:00:00+00:00,male,1996-09-14,10024,56000.0,0.0,0.27,23970.0,True,,,6.2,39000.0
app_185,"[{'category': 'Utilities', 'amount': 570}, {'category': 'Travel', 'amount': 191}, {'category': 'Healthcare', 'amount': 587}]",2024-01-15 00:00:00+00:00,male,1984-05-10,10039,60000.0,65.0,0.34,38690.0,True,,,5.6,24000.0
app_150,"[{'category': 'Education', 'amount': 858}]",2024-01-15 00:00:00+00:00,female,1980-08-10,90208,106000.0,49.0,0.25,38059.0,True,,,3.0,38000.0
app_196,"[{'category': 'Travel', 'amount': 598}, {'category': 'Education', 'amount': 533}, {'category': 'Groceries', 'amount': 821}]",2024-01-15 00:00:00+00:00,female,1995-04-17,90225,88000.0,19.0,0.26,12943.0,True,,,6.4,47000.0
app_176,"[{'category': 'Travel', 'amount': 198}, {'category': 'Healthcare', 'amount': 102}]",2024-01-15 00:00:00+00:00,male,1989-07-26,10058,91000.0,60.0,0.22,46039.0,True,,,4.9,35000.0
app_250,"[{'category': 'Travel', 'amount': 430}]",,male,1997-04-25,10048,68000.0,37.0,0.06,48618.0,True,,debt_consolidation,5.6,33000.0
app_171,"[{'category': 'Dining', 'amount': 461}]",2024-01-15 00:00:00+00:00,female,1996-05-08,90252,104000.0,47.0,0.32,16227.0,True,,,6.2,78000.0
app_189,"[{'category': 'Groceries', 'amount': 156}, {'category': 'Utilities', 'amount': 605}]",2024-01-15 00:00:00+00:00,male,1966-05-31,90255,95000.0,71.0,0.06,41414.0,True,,,5.5,39000.0
app_216,"[{'category': 'Groceries', 'amount': 230}, {'category': 'Insurance', 'amount': 210}]",,male,1980-07-20,10020,111000.0,77.0,0.37,61470.0,True,,wedding,5.8,42000.0
app_230,"[{'category': 'Education', 'amount': 867}]",,female,1963-05-21,90291,63000.0,133.0,0.19,14427.0,True,,medical,5.3,71000.0
app_245,"[{'category': 'Travel', 'amount': 162}, {'category': 'Entertainment', 'amount': 476}]",,male,1994-06-25,10038,97000.0,30.0,0.26,26829.0,True,,debt_consolidation,4.0,44000.0
app_157,"[{'category': 'Shopping', 'amount': 387}, {'category': 'Gambling', 'amount': 646}]",2024-01-15 00:00:00+00:00,female,1982-12-30,10015,110000.0,34.0,0.11,38281.0,True,,,5.9,51000.0
app_213,"[{'category': 'Education', 'amount': 522}]",,male,1999-09-23,10071,54000.0,31.0,0.13,17081.0,True,,wedding,5.1,56000.0
app_170,"[{'category': 'Rent', 'amount': 696}, {'category': 'Fitness', 'amount': 699}]",2024-01-15 00:00:00+00:00,male,1990-02-19,30015,75000.0,40.0,0.18,10709.0,True,,,3.3,79000.0
app_153,"[{'category': 'Insurance', 'amount': 377}]",2024-01-15 00:00:00+00:00,female,1979-01-24,90222,76000.0,56.0,0.36,11446.0,True,,,6.4,33000.0
app_179,"[{'category': 'Utilities', 'amount': 842}, {'category': 'Healthcare', 'amount': 392}]",,male,1993-07-12,10092,85000.0,30.0,0.24,31966.0,True,,,3.4,42000.0
app_226,"[{'category': 'Travel', 'amount': 726}]",,female,1982-04-18,90231,148000.0,61.0,0.17,66276.0,True,,vacation,6.1,46000.0
app_155,"[{'category': 'Insurance', 'amount': 551}]",2024-01-15 00:00:00+00:00,male,1977-05-03,90206,100000.0,102.0,0.05,44295.0,True,,,4.2,61000.0
app_231,"[{'category': 'Fitness', 'amount': 572}]",,male,1994-12-28,10074,78000.0,40.0,0.33,31025.0,True,,moving,6.0,62000.0
app_175,"[{'category': 'Education', 'amount': 290}, {'category': 'Utilities', 'amount': 630}]",2024-01-15 00:00:00+00:00,male,1992-09-04,10012,46000.0,47.0,0.31,19411.0,True,,,3.8,51000.0
app_181,"[{'category': 'Travel', 'amount': 67}]",2024-01-15 00:00:00+00:00,female,1996-04-13,90284,89000.0,79.0,0.44,36769.0,True,,,5.0,54000.0
app_235,"[{'category': 'Travel', 'amount': 886}]",,male,1997-08-31,10012,22000.0,16.0,0.28,12134.0,True,,medical,5.4,39000.0
app_183,"[{'category': 'Healthcare', 'amount': 838}]",2024-01-15 00:00:00+00:00,male,1998-09-20,10003,36000.0,12.0,0.17,1661.0,True,,,4.9,16000.0
app_148,"[{'category': 'Shopping', 'amount': 887}, {'category': 'Insurance', 'amount': 719}]",2024-01-15 00:00:00+00:00,female,1982-08-11,90261,122000.0,72.0,0.37,35207.0,True,,,3.3,25000.0
app_236,"[{'category': 'Healthcare', 'amount': 726}, {'category': 'Travel', 'amount': 574}]",,female,2002-04-24,90296,62000.0,4.0,0.25,25550.0,True,,education,6.2,23000.0
app_249,"[{'category': 'Shopping', 'amount': 214}, {'category': 'Insurance', 'amount': 659}]",,male,1958-11-20,30043,121000.0,82.0,0.08,44322.0,True,,home_improvement,4.7,73000.0
app_192,"[{'category': 'Healthcare', 'amount': 650}]",2024-01-15 00:00:00+00:00,male,1985-11-15,10088,78000.0,40.0,0.22,34292.0,True,,,6.0,18000.0
app_210,"[{'category': 'Entertainment', 'amount': 241}]",,female,1983-06-19,90261,66000.0,18.0,0.42,41892.0,True,,medical,4.8,40000.0
app_168,"[{'category': 'Groceries', 'amount': 687}, {'category': 'Transportation', 'amount': 354}]",2024-01-15 00:00:00+00:00,male,1997-03-31,10092,71000.0,29.0,0.28,22361.0,True,,,6.1,65000.0
app_246,"[{'category': 'Healthcare', 'amount': 478}]",,female,1991-10-11,90223,82000.0,31.0,0.29,21809.0,True,,auto,2.8,38000.0
app_186,"[{'category': 'Entertainment', 'amount': 850}, {'category': 'Fitness', 'amount': 195}, {'category': 'Travel', 'amount': 698}]",2024-01-15 00:00:00+00:00,male,1986-09-08,10086,115000.0,41.0,0.42,39117.0,True,,,6.0,72000.0
app_218,"[{'category': 'Travel', 'amount': 240}]",,male,1982-04-09,10083,80000.0,80.0,0.43,22276.0,True,,medical,2.7,29000.0
app_178,"[{'category': 'Rent', 'amount': 189}, {'category': 'Fitness', 'amount': 570}]",2024-01-15 00:00:00+00:00,male,1997-07-20,10027,52000.0,44.0,0.13,20921.0,True,,,3.8,44000.0
app_177,"[{'category': 'Shopping', 'amount': 392}]",2024-01-15 00:00:00+00:00,male,1990-01-25,10004,54000.0,35.0,0.05,25705.0,True,,,5.9,67000.0
app_214,"[{'category': 'Utilities', 'amount': 786}]",,female,1962-08-26,90277,116000.0,84.0,0.31,41962.0,True,,debt_consolidation,4.1,57000.0
app_169,"[{'category': 'Insurance', 'amount': 623}]",2024-01-15 00:00:00+00:00,male,1986-12-06,10014,85000.0,45.0,0.11,61833.0,True,,,4.4,28000.0
app_232,"[{'category': 'Transportation', 'amount': 53}, {'category': 'Entertainment', 'amount': 185}, {'category': 'Travel', 'amount': 588}]",,female,1985-03-04,90218,129000.0,60.0,0.1,31187.0,True,,personal,2.8,48000.0
app_215,"[{'category': 'Rent', 'amount': 109}]",,male,1989-10-24,10075,61000.0,41.0,0.21,37909.0,True,,vacation,3.7,59000.0
app_229,"[{'category': 'Education', 'amount': 686}, {'category': 'Groceries', 'amount': 359}]",,female,2000-07-31,90289,39000.0,41.0,0.42,18019.0,True,,wedding,4.1,38000.0
app_174,"[{'category': 'Fitness', 'amount': 98}]",2024-01-15 00:00:00+00:00,female,1990-01-15,90237,98000.0,31.0,0.34,34731.0,True,,,2.7,33000.0
app_159,"[{'category': 'Education', 'amount': 578}, {'category': 'Dining', 'amount': 507}]",2024-01-15 00:00:00+00:00,male,1960-10-11,10084,107000.0,89.0,0.22,61596.0,True,,,6.1,58000.0
app_485,"[{'category': 'Education', 'amount': 765}, {'category': 'Entertainment', 'amount': 164}]",,female,1988-10-24,90256,108000.0,74.0,0.37,57352.0,True,,,3.7,72000.0
app_047,"[{'category': 'Fitness', 'amount': 147}]",,female,1987-08-11,90280,101000.0,0.0,0.16,39861.0,True,,,5.6,32000.0
app_326,"[{'category': 'Utilities', 'amount': 872}, {'category': 'Transportation', 'amount': 819}, {'category': 'Groceries', 'amount': 584}]",,male,1985-06-28,10075,42000.0,2.0,0.4,12444.0,True,,,3.7,47000.0
app_399,"[{'category': 'Groceries', 'amount': 630}]",,female,1983-09-17,10083,112000.0,116.0,0.31,34612.0,True,,,4.5,50000.0
app_385,"[{'category': 'Shopping', 'amount': 98}, {'category': 'Entertainment', 'amount': 181}]",,female,1979-12-24,90210,86000.0,44.0,0.39,27401.0,True,,,5.0,76000.0
app_243,"[{'category': 'Education', 'amount': 89}]",,female,1981-12-25,90293,113000.0,34.0,0.15,36980.0,False,algorithm_risk_score,medical,,
app_308,"[{'category': 'Utilities', 'amount': 169}, {'category': 'Rent', 'amount': 514}, {'category': 'Transportation', 'amount': 873}]",,male,1986-04-27,10004,100000.0,37.0,0.33,44154.0,True,,,5.2,76000.0
app_459,"[{'category': 'Insurance', 'amount': 237}]",,male,1962-05-25,10004,114000.0,99.0,0.22,47221.0,True,,,4.5,52000.0
app_222,"[{'category': 'Entertainment', 'amount': 298}, {'category': 'Travel', 'amount': 315}]",,female,1965-11-07,90299,102000.0,104.0,0.28,17483.0,False,algorithm_risk_score,personal,,
app_363,"[{'category': 'Healthcare', 'amount': 653}]",,male,1961-07-23,10039,86000.0,74.0,0.11,28378.0,True,,,6.2,37000.0
app_062,"[{'category': 'Shopping', 'amount': 146}, {'category': 'Entertainment', 'amount': 329}, {'category': 'Groceries', 'amount': 885}]",,female,1979-03-13,90275,64000.0,109.0,0.39,34015.0,True,,,3.1,16000.0
app_476,"[{'category': 'Insurance', 'amount': 667}, {'category': 'Rent', 'amount': 279}, {'category': 'Entertainment', 'amount': 187}]",,male,1975-09-01,10082,53000.0,118.0,0.44,8148.0,True,,,3.9,77000.0
app_433,"[{'category': 'Entertainment', 'amount': 530}]",,female,1991-09-15,10010,67000.0,28.0,0.14,26113.0,True,,,4.4,78000.0
app_003,"[{'category': 'Healthcare', 'amount': 450}]",,female,1982-08-24,90213,65000.0,74.0,0.43,7090.0,True,,,3.4,76000.0
app_481,"[{'category': 'Dining', 'amount': 725}]",,female,1985-07-27,90229,142000.0,38.0,0.17,62154.0,True,,,3.3,56000.0
app_122,"[{'category': 'Insurance', 'amount': 685}, {'category': 'Utilities', 'amount': 782}, {'category': 'Travel', 'amount': 888}]",,male,1964-12-12,10057,98000.0,61.0,0.26,14834.0,True,,,5.5,69000.0
app_467,"[{'category': 'Healthcare', 'amount': 655}, {'category': 'Fitness', 'amount': 159}, {'category': 'Transportation', 'amount': 663}]",,female,1960-08-20,90204,75000.0,120.0,0.18,35398.0,True,,,5.1,78000.0
app_389,"[{'category': 'Transportation', 'amount': 337}]",,male,2001-04-30,10001,51000.0,12.0,0.33,17638.0,True,,,4.6,70000.0
app_473,"[{'category': 'Insurance', 'amount': 169}]",,female,1991-08-26,90244,54000.0,0.0,0.21,13722.0,True,,,4.2,43000.0
app_425,"[{'category': 'Dining', 'amount': 148}]",,male,1986-04-15,10095,144000.0,37.0,0.31,48632.0,True,,,5.7,59000.0
app_380,"[{'category': 'Fitness', 'amount': 521}, {'category': 'Alcohol', 'amount': 447}]",,female,1969-07-01,90294,86000.0,48.0,0.08,26763.0,True,,,5.7,19000.0
app_217,"[{'category': 'Healthcare', 'amount': 147}, {'category': 'Dining', 'amount': 633}]",,male,1986-12-22,10079,91000.0,56.0,0.23,47092.0,False,algorithm_risk_score,auto,,
app_443,"[{'category': 'Education', 'amount': 239}, {'category': 'Insurance', 'amount': 177}, {'category': 'Groceries', 'amount': 806}]",,male,1975-11-23,10040,101000.0,67.0,0.43,27879.0,True,,,5.5,31000.0
app_302,"[{'category': 'Travel', 'amount': 693}, {'category': 'Education', 'amount': 726}]",,male,2000-03-23,10016,60000.0,53.0,0.29,27973.0,True,,,3.0,21000.0
app_402,"[{'category': 'Education', 'amount': 482}]",,female,1965-03-07,90214,88000.0,27.0,1.85,37281.0,True,,,3.2,17000.0
app_082,"[{'category': 'Transportation', 'amount': 108}, {'category': 'Utilities', 'amount': 819}]",,female,1997-09-29,10096,52000.0,62.0,0.22,13436.0,True,,,3.2,27000.0
app_333,"[{'category': 'Healthcare', 'amount': 83}]",,female,1982-02-01,90254,85000.0,48.0,0.19,20643.0,True,,,5.3,73000.0
app_358,"[{'category': 'Entertainment', 'amount': 380}]",,male,1991-02-04,10060,70000.0,47.0,0.35,6989.0,True,,,3.5,80000.0
app_284,"[{'category': 'Insurance', 'amount': 174}]",,female,1996-03-13,90276,56000.0,14.0,0.08,17759.0,True,,,2.7,52000.0
app_499,"[{'category': 'Groceries', 'amount': 810}]",,female,1983-12-02,90218,111000.0,3.0,0.19,78838.0,True,,,4.1,62000.0
app_417,"[{'category': 'Travel', 'amount': 739}, {'category': 'Healthcare', 'amount': 765}]",,male,1980-04-10,10072,63000.0,44.0,0.22,25271.0,True,,,4.7,48000.0
app_206,"[{'category': 'Education', 'amount': 523}]",,male,1963-01-29,10003,72000.0,44.0,0.19,15112.0,False,algorithm_risk_score,wedding,,
app_191,"[{'category': 'Shopping', 'amount': 303}, {'category': 'Fitness', 'amount': 188}, {'category': 'Entertainment', 'amount': 737}]",2024-01-15 00:00:00+00:00,female,1959-09-06,90281,98000.0,78.0,0.16,20428.0,False,algorithm_risk_score,,,
app_068,"[{'category': 'Healthcare', 'amount': 577}, {'category': 'Utilities', 'amount': 188}]",,female,1993-09-05,90282,75000.0,30.0,0.31,40791.0,True,,,4.9,20000.0
app_409,"[{'category': 'Healthcare', 'amount': 292}, {'category': 'Utilities', 'amount': 285}]",,female,1988-03-18,90292,100000.0,70.0,0.18,15473.0,True,,,2.8,20000.0
app_158,"[{'category': 'Healthcare', 'amount': 681}, {'category': 'Entertainment', 'amount': 760}, {'category': 'Rent', 'amount': 825}]",2024-01-15 00:00:00+00:00,female,1994-12-08,90286,74000.0,31.0,0.38,27666.0,False,algorithm_risk_score,,,
app_447,"[{'category': 'Groceries', 'amount': 139}]",,male,1964-02-22,10071,77000.0,48.0,0.19,28600.0,True,,,6.2,22000.0
app_334,"[{'category': 'Transportation', 'amount': 445}, {'category': 'Rent', 'amount': 349}]",,male,1979-12-01,10004,83000.0,29.0,0.1,42204.0,True,,,4.4,57000.0
app_094,"[{'category': 'Healthcare', 'amount': 891}, {'category': 'Entertainment', 'amount': 332}, {'category': 'Groceries', 'amount': 671}]",,male,1986-11-03,10092,111000.0,44.0,0.43,47525.0,True,,,4.3,28000.0
app_090,"[{'category': 'Travel', 'amount': 728}, {'category': 'Shopping', 'amount': 776}, {'category': 'Dining', 'amount': 106}]",,female,1991-05-25,90297,46000.0,41.0,0.05,25176.0,True,,,4.4,67000.0
app_103,"[{'category': 'Insurance', 'amount': 693}]",,female,1977-02-19,10085,148000.0,56.0,0.25,61857.0,True,,,4.3,48000.0
app_462,"[{'category': 'Healthcare', 'amount': 599}, {'category': 'Travel', 'amount': 773}]",,female,1966-02-17,90278,91000.0,78.0,0.18,25979.0,True,,,2.8,60000.0
app_017,"[{'category': 'Entertainment', 'amount': 715}, {'category': 'Transportation', 'amount': 156}, {'category': 'Gambling', 'amount': 125}]",,female,1995-02-11,90282,109000.0,60.0,0.15,40059.0,True,,,6.1,55000.0
app_220,"[{'category': 'Shopping', 'amount': 484}]",,male,1987-11-21,10034,121000.0,48.0,0.17,18326.0,False,algorithm_risk_score,education,,
app_050,"[{'category': 'Dining', 'amount': 259}, {'category': 'Travel', 'amount': 260}]",,female,1994-05-06,90267,30000.0,49.0,0.06,9588.0,True,,,2.5,48000.0
app_397,"[{'category': 'Transportation', 'amount': 133}, {'category': 'Rent', 'amount': 597}]",,female,1980-12-21,90295,133000.0,113.0,0.35,39164.0,True,,,3.0,63000.0
app_337,"[{'category': 'Groceries', 'amount': 312}]",,female,1993-07-26,90237,100000.0,60.0,0.41,56840.0,True,,,5.7,45000.0
app_067,"[{'category': 'Utilities', 'amount': 186}]",,male,1997-05-07,10031,39000.0,36.0,0.37,10486.0,True,,,4.3,56000.0
app_225,"[{'category': 'Shopping', 'amount': 153}]",,male,2001-01-03,30017,22000.0,0.0,0.28,3918.0,False,algorithm_risk_score,education,,
app_234,"[{'category': 'Insurance', 'amount': 526}]",,male,1976-01-29,10090,96000.0,60.0,0.3,38703.0,False,algorithm_risk_score,education,,
app_387,"[{'category': 'Entertainment', 'amount': 677}, {'category': 'Dining', 'amount': 514}, {'category': 'Alcohol', 'amount': 757}]",,female,1986-09-17,90243,83000.0,46.0,0.41,17222.0,True,,,5.4,23000.0
app_306,"[{'category': 'Insurance', 'amount': 490}]",,female,1978-07-26,90227,106000.0,80.0,0.29,63560.0,True,,,3.1,57000.0
app_259,"[{'category': 'Healthcare', 'amount': 549}]",,female,1964-02-29,90260,94000.0,92.0,0.27,54425.0,True,,,6.0,44000.0
app_291,"[{'category': 'Rent', 'amount': 684}]",,male,1990-05-29,10070,79000.0,44.0,0.41,19247.0,True,,,4.3,67000.0
app_219,"[{'category': 'Travel', 'amount': 291}, {'category': 'Groceries', 'amount': 132}]",,female,1983-11-05,90225,99000.0,28.0,0.09,66409.0,False,insufficient_credit_history,debt_consolidation,,
app_478,"[{'category': 'Entertainment', 'amount': 624}]",,female,1994-06-30,90294,74000.0,21.0,0.28,21504.0,True,,,2.9,52000.0
app_211,"[{'category': 'Groceries', 'amount': 136}]",,female,1988-08-19,90222,112000.0,75.0,0.08,62775.0,False,algorithm_risk_score,education,,
app_273,"[{'category': 'Shopping', 'amount': 604}, {'category': 'Travel', 'amount': 163}]",,male,1995-02-22,10033,82000.0,88.0,0.26,24454.0,True,,,4.4,44000.0
app_455,"[{'category': 'Insurance', 'amount': 508}, {'category': 'Fitness', 'amount': 863}]",,male,1981-02-13,10020,92000.0,64.0,0.12,29125.0,True,,,5.1,59000.0
app_292,"[{'category': 'Groceries', 'amount': 529}]",,male,1984-03-23,10002,105000.0,125.0,0.24,63682.0,True,,,5.5,53000.0
app_224,"[{'category': 'Entertainment', 'amount': 131}]",,male,1968-06-04,10052,93000.0,81.0,0.12,53299.0,False,algorithm_risk_score,medical,,
app_300,"[{'category': 'Insurance', 'amount': 798}, {'category': 'Travel', 'amount': 401}]",,female,1990-06-11,10094,75000.0,0.0,0.39,40180.0,True,,,3.5,36000.0
app_437,"[{'category': 'Dining', 'amount': 825}]",,female,1992-02-01,10033,107000.0,59.0,0.33,33144.0,True,,,5.6,69000.0
app_496,"[{'category': 'Fitness', 'amount': 175}]",,female,1979-11-12,90211,87000.0,40.0,0.31,23949.0,True,,,6.2,25000.0
app_445,"[{'category': 'Entertainment', 'amount': 862}]",,female,1958-09-21,90219,86000.0,71.0,0.14,17179.0,True,,,3.1,79000.0
app_242,"[{'category': 'Insurance', 'amount': 435}, {'category': 'Utilities', 'amount': 742}]",,male,1993-01-11,90273,51000.0,84.0,0.42,28348.0,False,algorithm_risk_score,moving,,
app_311,"[{'category': 'Groceries', 'amount': 716}, {'category': 'Travel', 'amount': 285}]",,female,2001-10-02,90234,85432.789123,22.0,0.43,11285.0,True,,,4.2,44000.0
app_248,"[{'category': 'Travel', 'amount': 620}]",,female,1963-12-07,90258,84000.0,111.0,0.2,41525.0,False,algorithm_risk_score,debt_consolidation,,
app_451,"[{'category': 'Transportation', 'amount': 733}]",,male,1981-07-13,10020,101000.0,49.0,0.12,24958.0,True,,,3.1,40000.0
app_034,"[{'category': 'Transportation', 'amount': 358}]",,male,1985-05-15,10013,88000.0,53.0,0.36,38528.0,True,,,4.0,68000.0
app_281,"[{'category': 'Transportation', 'amount': 527}]",,male,1988-09-06,10071,99000.0,26.0,0.29,39634.0,True,,,5.9,47000.0
app_305,"[{'category': 'Education', 'amount': 629}, {'category': 'Insurance', 'amount': 619}]",,male,1984-04-09,10084,100000.0,30.0,0.07,44145.0,True,,,5.6,49000.0
app_194,"[{'category': 'Education', 'amount': 224}]",2024-01-15 00:00:00+00:00,female,1992-03-16,90223,80000.0,3.0,0.09,32385.0,False,algorithm_risk_score,,,
app_375,"[{'category': 'Travel', 'amount': 418}]",,female,1984-05-08,90279,120000.0,64.0,0.37,50611.0,True,,,5.9,17000.0
app_105,"[{'category': 'Entertainment', 'amount': 512}, {'category': 'Travel', 'amount': 568}]",,female,1986-01-28,90243,116000.0,22.0,0.2,69276.0,True,,,3.6,75000.0
app_207,"[{'category': 'Insurance', 'amount': 866}, {'category': 'Travel', 'amount': 837}, {'category': 'Gambling', 'amount': 679}]",,female,2000-06-20,90201,62000.0,17.0,0.32,29372.0,False,algorithm_risk_score,vacation,,
app_041,"[{'category': 'Travel', 'amount': 172}, {'category': 'Dining', 'amount': 419}]",,female,1972-10-10,90205,126000.0,76.0,0.06,85166.0,True,,,3.4,45000.0
app_426,"[{'category': 'Transportation', 'amount': 369}]",,female,1970-03-11,90255,78000.0,105.0,0.09,49213.0,True,,,2.8,20000.0
app_061,"[{'category': 'Travel', 'amount': 208}, {'category': 'Shopping', 'amount': 650}]",,male,1985-04-20,10073,59000.0,54.0,0.27,27425.0,True,,,4.0,28000.0
app_480,"[{'category': 'Insurance', 'amount': 171}]",,male,1969-11-01,10001,104000.0,70.0,0.19,25163.0,True,,,3.9,68000.0
app_495,"[{'category': 'Fitness', 'amount': 441}]",,female,1963-05-16,10069,71000.0,80.0,0.34,24928.0,True,,,4.8,68000.0
app_038,"[{'category': 'Healthcare', 'amount': 201}]",,male,1979-04-06,10012,125000.0,27.0,0.14,19147.0,True,,,5.5,35000.0
app_221,"[{'category': 'Entertainment', 'amount': 158}]",,female,2000-04-21,90247,59000.0,34.0,0.45,17248.0,False,insufficient_credit_history,medical,,
app_256,"[{'category': 'Travel', 'amount': 79}, {'category': 'Utilities', 'amount': 178}]",,male,1995-05-03,10051,55000.0,18.0,0.23,13079.0,True,,,3.7,69000.0
app_295,"[{'category': 'Entertainment', 'amount': 674}, {'category': 'Alcohol', 'amount': 706}]",,male,1988-02-20,10070,98000.0,56.0,0.3,47469.0,True,,,6.5,18000.0
app_091,"[{'category': 'Healthcare', 'amount': 542}]",,male,1988-11-04,90218,95000.0,36.0,0.12,33444.0,True,,,4.9,45000.0
app_129,"[{'category': 'Entertainment', 'amount': 334}]",,female,1985-05-18,10059,108000.0,54.0,0.17,30185.0,True,,,2.8,30000.0
app_370,"[{'category': 'Rent', 'amount': 854}, {'category': 'Travel', 'amount': 196}, {'category': 'Insurance', 'amount': 455}]",,male,1975-12-04,10005,126000.0,41.0,0.05,60601.0,True,,,5.9,48000.0
app_187,"[{'category': 'Fitness', 'amount': 428}]",2024-01-15 00:00:00+00:00,male,1990-06-27,10085,67000.0,52.0,0.3,31102.0,False,algorithm_risk_score,,,
app_121,"[{'category': 'Shopping', 'amount': 546}, {'category': 'Dining', 'amount': 753}, {'category': 'Insurance', 'amount': 432}]",,male,1984-05-21,10020,90000.0,58.0,0.11,34768.0,True,,,3.3,66000.0
app_428,"[{'category': 'Transportation', 'amount': 68}]",,male,1963-08-02,10053,103000.0,78.0,0.19,29305.0,True,,,4.0,74000.0
app_055,"[{'category': 'Groceries', 'amount': 254}, {'category': 'Utilities', 'amount': 851}, {'category': 'Travel', 'amount': 188}]",,male,1978-11-11,10009,104000.0,51.0,0.16,52179.0,True,,,4.3,51000.0
app_095,"[{'category': 'Rent', 'amount': 804}]",,male,1986-05-12,10049,116000.0,58.0,0.39,53274.0,True,,,5.0,51000.0
app_470,"[{'category': 'Groceries', 'amount': 867}, {'category': 'Healthcare', 'amount': 170}]",,male,1984-04-01,10062,66000.0,40.0,0.43,32402.0,True,,,3.4,35000.0
app_180,"[{'category': 'Entertainment', 'amount': 532}, {'category': 'Dining', 'amount': 75}, {'category': 'Alcohol', 'amount': 614}]",2024-01-15 00:00:00+00:00,male,1969-10-14,10002,111000.0,52.0,0.43,30253.0,False,algorithm_risk_score,,,
app_111,"[{'category': 'Utilities', 'amount': 447}, {'category': 'Education', 'amount': 644}]",,male,1999-09-05,10063,42000.0,55.0,0.26,9507.0,True,,,3.2,70000.0
app_395,"[{'category': 'Education', 'amount': 818}]",,female,1985-09-26,90226,151000.0,3.0,0.08,72478.0,True,,,4.2,46000.0
app_457,"[{'category': 'Rent', 'amount': 526}, {'category': 'Groceries', 'amount': 683}, {'category': 'Gambling', 'amount': 444}]",,female,1964-11-18,90270,126000.0,95.0,0.34,55610.0,True,,,6.2,34000.0
app_418,"[{'category': 'Entertainment', 'amount': 197}]",,female,1975-05-31,90272,112000.0,82.0,0.05,70888.0,True,,,6.2,36000.0
app_313,"[{'category': 'Travel', 'amount': 853}, {'category': 'Transportation', 'amount': 851}]",,female,1991-03-14,90298,112000.0,15.0,0.08,39223.0,True,,,4.6,52000.0
app_013,"[{'category': 'Education', 'amount': 335}]",,female,1989-08-23,90218,57000.0,18.0,0.45,28706.0,True,,,3.9,70000.0
app_390,"[{'category': 'Education', 'amount': 122}, {'category': 'Insurance', 'amount': 508}]",,female,1978-07-11,90224,68000.0,68.0,0.2,12310.0,True,,,5.3,63000.0
app_051,"[{'category': 'Dining', 'amount': 251}]",,male,1999-07-15,10060,35000.0,77.0,0.2,9646.0,False,low_income,,,
app_411,"[{'category': 'Utilities', 'amount': 879}]",,male,1994-03-21,10041,64000.0,26.0,0.3,0.0,True,,,5.1,40000.0
app_312,"[{'category': 'Travel', 'amount': 686}, {'category': 'Utilities', 'amount': 530}]",,male,1995-03-11,10079,80000.0,0.0,0.39,12438.0,True,,,3.3,23000.0
app_355,"[{'category': 'Fitness', 'amount': 777}]",,male,1974-07-24,90225,100000.0,73.0,0.35,42888.0,True,,,4.6,24000.0
app_087,"[{'category': 'Entertainment', 'amount': 726}, {'category': 'Insurance', 'amount': 54}]",,female,1987-01-16,90247,94000.0,53.0,0.1,48204.0,True,,,3.2,35000.0
app_373,"[{'category': 'Fitness', 'amount': 844}, {'category': 'Healthcare', 'amount': 417}]",,female,1988-07-31,90273,84000.0,5.0,0.3,19050.0,True,,,5.1,37000.0
app_349,"[{'category': 'Fitness', 'amount': 567}, {'category': 'Entertainment', 'amount': 463}]",,male,1989-02-23,10087,78000.0,44.0,0.34,8641.0,True,,,6.3,19000.0
app_190,"[{'category': 'Dining', 'amount': 317}, {'category': 'Shopping', 'amount': 223}, {'category': 'Fitness', 'amount': 849}]",2024-01-15 00:00:00+00:00,female,1999-10-05,90297,0.0,0.0,0.14,19603.0,False,algorithm_risk_score,,,
app_277,"[{'category': 'Rent', 'amount': 222}]",,female,1960-11-22,90206,75000.0,108.0,0.14,22838.0,True,,,6.4,23000.0
app_456,"[{'category': 'Dining', 'amount': 611}]",,male,1979-05-02,10070,84000.0,24.0,0.34,38163.0,True,,,6.5,74000.0
app_124,"[{'category': 'Transportation', 'amount': 288}]",,male,1991-01-18,10025,65000.0,54.0,0.18,11237.0,True,,,4.3,49000.0
app_058,"[{'category': 'Utilities', 'amount': 504}]",,male,1970-03-16,10067,83000.0,114.0,0.35,50490.0,True,,,2.8,61000.0
app_009,"[{'category': 'Entertainment', 'amount': 718}]",,female,1989-11-20,90261,92000.0,15.0,0.08,39921.0,True,,,5.9,27000.0
app_378,"[{'category': 'Shopping', 'amount': 523}]",,male,1968-04-04,10034,131000.0,48.0,0.18,63712.0,True,,,4.3,56000.0
app_006,"[{'category': 'Shopping', 'amount': 121}, {'category': 'Insurance', 'amount': 570}]",,male,1987-07-12,10048,82000.0,24.0,0.21,0.0,True,,,6.2,27000.0
app_197,"[{'category': 'Fitness', 'amount': 368}, {'category': 'Healthcare', 'amount': 136}]",2024-01-15 00:00:00+00:00,female,1970-04-15,90284,80000.0,83.0,0.21,37307.0,False,algorithm_risk_score,,,
app_406,"[{'category': 'Education', 'amount': 274}]",,male,1974-08-23,10099,106000.0,56.0,0.08,52422.0,True,,,5.4,18000.0
app_035,"[{'category': 'Healthcare', 'amount': 372}, {'category': 'Education', 'amount': 711}, {'category': 'Utilities', 'amount': 473}]",,female,1975-03-01,90233,81000.0,37.0,0.07,35656.0,True,,,5.3,40000.0
app_286,"[{'category': 'Utilities', 'amount': 349}, {'category': 'Fitness', 'amount': 466}]",,male,1993-09-19,10048,85000.0,0.0,0.22,17452.0,True,,,5.4,46000.0
app_132,"[{'category': 'Fitness', 'amount': 575}, {'category': 'Healthcare', 'amount': 91}]",,male,1975-11-26,10040,82000.0,42.0,0.39,25146.0,True,,,5.6,32000.0
app_053,"[{'category': 'Insurance', 'amount': 538}]",,male,1986-11-29,10041,101000.0,48.0,0.17,52330.0,True,,,5.8,74000.0
app_239,"[{'category': 'Fitness', 'amount': 159}]",,female,1970-12-13,90260,58000.0,118.0,0.25,10333.0,False,algorithm_risk_score,moving,,
app_112,"[{'category': 'Dining', 'amount': 841}, {'category': 'Transportation', 'amount': 564}]",,female,1999-08-26,90207,56000.0,42.0,0.39,1863.0,True,,,3.2,57000.0
app_267,"[{'category': 'Groceries', 'amount': 133}, {'category': 'Shopping', 'amount': 723}, {'category': 'Transportation', 'amount': 394}]",,male,1976-01-24,10056,82000.0,65.0,0.19,40258.0,True,,,6.0,63000.0
app_296,"[{'category': 'Education', 'amount': 157}]",,male,1987-07-11,10072,103000.0,57.0,0.45,44538.0,True,,,3.6,76000.0
app_440,"[{'category': 'Utilities', 'amount': 562}]",,male,1990-01-01,10009,74000.0,80.0,0.28,25925.0,True,,,5.3,73000.0
app_131,"[{'category': 'Entertainment', 'amount': 878}, {'category': 'Rent', 'amount': 233}]",,female,1960-01-02,90286,85000.0,127.0,0.09,14930.0,True,,,5.8,32000.0
app_383,"[{'category': 'Shopping', 'amount': 452}]",,male,1992-09-01,10058,62000.0,0.0,0.38,23113.0,True,,,4.9,43000.0
app_026,"[{'category': 'Travel', 'amount': 634}, {'category': 'Dining', 'amount': 260}, {'category': 'Groceries', 'amount': 220}]",,female,1981-06-14,90229,72000.0,69.0,0.31,34051.0,True,,,3.2,20000.0
app_298,"[{'category': 'Groceries', 'amount': 825}, {'category': 'Shopping', 'amount': 298}]",,male,1962-04-27,10089,94000.0,129.0,0.4,44612.0,True,,,3.5,57000.0
app_237,"[{'category': 'Fitness', 'amount': 235}, {'category': 'Education', 'amount': 877}]",,male,1995-05-14,10033,61000.0,30.0,0.33,20775.0,False,algorithm_risk_score,business,,
app_063,"[{'category': 'Shopping', 'amount': 833}, {'category': 'Healthcare', 'amount': 404}]",,female,1997-04-03,90243,55000.0,45.0,0.1,14715.0,True,,,4.0,57000.0
app_339,"[{'category': 'Transportation', 'amount': 91}, {'category': 'Fitness', 'amount': 641}]",,female,1984-12-27,10081,107000.0,25.0,0.23,36367.0,True,,,4.8,15000.0
app_414,"[{'category': 'Insurance', 'amount': 794}]",,male,1987-09-16,10012,76000.0,29.0,0.4,36303.0,True,,,5.2,57000.0
app_086,"[{'category': 'Dining', 'amount': 359}, {'category': 'Shopping', 'amount': 574}]",,male,1993-05-06,10030,115000.0,15.0,0.17,50342.0,True,,,2.9,80000.0
app_042,"[{'category': 'Insurance', 'amount': 153}, {'category': 'Dining', 'amount': 468}]",,male,1990-05-04,10044,69000.0,43.0,0.41,15974.0,False,algorithm_risk_score,,,
app_020,"[{'category': 'Fitness', 'amount': 98}]",,female,1977-12-24,30014,133000.0,55.0,0.38,60268.0,True,,,5.2,23000.0
app_089,"[{'category': 'Education', 'amount': 511}, {'category': 'Insurance', 'amount': 689}]",,female,1979-10-02,90251,93000.0,98.0,0.22,23117.0,True,,,5.5,53000.0
app_048,"[{'category': 'Rent', 'amount': 584}]",,male,1983-08-26,10064,107000.0,36.0,0.2,30597.0,True,,,5.6,47000.0
app_022,"[{'category': 'Travel', 'amount': 61}, {'category': 'Utilities', 'amount': 176}]",,male,1972-05-15,10081,99000.0,94.0,0.09,43381.0,True,,,2.9,35000.0
app_257,"[{'category': 'Utilities', 'amount': 556}]",,female,1985-09-08,90252,68000.0,38.0,0.33,8646.0,True,,,4.4,58000.0
app_466,"[{'category': 'Dining', 'amount': 640}]",,male,1993-11-17,10055,80000.0,47.0,0.4,34196.0,True,,,4.3,57000.0
app_136,"[{'category': 'Entertainment', 'amount': 554}, {'category': 'Transportation', 'amount': 726}, {'category': 'Adult Entertainment', 'amount': 710}]",,male,1993-12-13,10026,29000.0,43.0,0.36,9624.0,True,,,5.8,72000.0
app_287,"[{'category': 'Utilities', 'amount': 331}, {'category': 'Education', 'amount': 571}]",,female,1980-09-19,90285,105000.0,82.0,0.35,31931.0,True,,,6.1,43000.0
app_021,"[{'category': 'Healthcare', 'amount': 513}]",,female,1982-08-12,90234,100000.0,96.0,0.11,29386.0,True,,,4.7,40000.0
app_198,"[{'category': 'Utilities', 'amount': 366}]",2024-01-15 00:00:00+00:00,male,1996-07-26,10057,49000.0,0.0,0.12,21939.0,False,algorithm_risk_score,,,
app_227,"[{'category': 'Rent', 'amount': 380}]",,female,2002-02-10,90257,44000.0,26.0,0.22,26111.0,False,algorithm_risk_score,debt_consolidation,,
app_400,"[{'category': 'Travel', 'amount': 181}]",,female,2000-06-24,30034,48000.0,0.0,0.28,5953.0,True,,,4.7,27000.0
app_199,"[{'category': 'Healthcare', 'amount': 382}, {'category': 'Rent', 'amount': 327}]",2024-01-15 00:00:00+00:00,male,1994-07-07,30008,68000.0,43.0,0.41,8346.0,False,algorithm_risk_score,,,
app_328,"[{'category': 'Fitness', 'amount': 219}, {'category': 'Insurance', 'amount': 336}, {'category': 'Healthcare', 'amount': 178}]",,male,1982-06-07,10076,93000.0,28.0,0.12,35502.0,True,,,3.7,66000.0
app_310,"[{'category': 'Utilities', 'amount': 451}, {'category': 'Alcohol', 'amount': 730}]",,female,1990-03-06,90284,63000.0,27.0,0.37,18949.0,True,,,5.9,50000.0
app_161,"[{'category': 'Dining', 'amount': 155}]",2024-01-15 00:00:00+00:00,male,2001-04-06,10067,40000.0,16.0,0.07,21612.0,False,algorithm_risk_score,,,
app_342,"[{'category': 'Entertainment', 'amount': 206}]",,male,1983-06-28,10070,45000.0,17.0,0.06,622.0,True,,,3.3,74000.0
app_293,"[{'category': 'Travel', 'amount': 615}, {'category': 'Groceries', 'amount': 361}]",,female,1978-07-28,90246,102000.0,95.0,0.08,16304.0,True,,,3.4,46000.0
app_200,"[{'category': 'Shopping', 'amount': 480}, {'category': 'Rent', 'amount': 790}, {'category': 'Alcohol', 'amount': 247}]",2024-01-15 00:00:00+00:00,male,2001-03-09,10036,73000.0,23.0,0.2,31212.0,False,algorithm_risk_score,,,
app_102,"[{'category': 'Education', 'amount': 320}]",,male,1993-12-27,90279,76000.0,25.0,0.2,20000.0,True,,,3.2,22000.0
app_151,"[{'category': 'Utilities', 'amount': 786}]",2024-01-15 00:00:00+00:00,male,1988-01-11,10019,124000.0,59.0,0.4,53225.0,False,algorithm_risk_score,,,
app_134,"[{'category': 'Groceries', 'amount': 595}]",,male,1993-10-06,10048,98000.0,60.0,0.12,24889.0,True,,,6.0,69000.0
app_145,"[{'category': 'Utilities', 'amount': 826}]",2024-01-15 00:00:00+00:00,female,1990-10-04,90297,85000.0,26.0,0.43,17930.0,False,algorithm_risk_score,,,
app_036,"[{'category': 'Dining', 'amount': 723}]",,female,1988-03-31,90227,141000.0,18.0,0.4,77318.0,True,,,3.3,49000.0
app_052,"[{'category': 'Rent', 'amount': 328}]",,male,1965-05-05,10052,91000.0,119.0,0.11,38008.0,True,,,3.0,22000.0
app_297,"[{'category': 'Dining', 'amount': 897}, {'category': 'Groceries', 'amount': 693}]",,male,1983-02-18,10028,81000.0,84.0,0.38,30102.0,True,,,3.5,58000.0
app_471,"[{'category': 'Groceries', 'amount': 224}]",,male,1979-12-26,10032,80000.0,61.0,0.08,9728.0,True,,,2.7,50000.0
app_484,"[{'category': 'Insurance', 'amount': 286}, {'category': 'Travel', 'amount': 693}]",,male,1990-08-10,10001,69000.0,27.0,0.27,10775.0,True,,,3.2,34000.0
app_029,"[{'category': 'Dining', 'amount': 258}]",,female,2001-03-23,10035,46000.0,37.0,0.45,23075.0,True,,,3.1,48000.0
app_247,"[{'category': 'Rent', 'amount': 594}, {'category': 'Healthcare', 'amount': 530}]",,female,1999-06-16,90231,64000.0,0.0,0.21,22335.0,False,algorithm_risk_score,wedding,,
app_404,"[{'category': 'Insurance', 'amount': 841}, {'category': 'Fitness', 'amount': 325}]",,male,1985-11-10,10017,91000.0,31.0,0.32,2729.0,True,,,5.9,69000.0
app_396,"[{'category': 'Shopping', 'amount': 698}, {'category': 'Dining', 'amount': 284}, {'category': 'Groceries', 'amount': 206}]",,female,1976-01-28,10027,96000.0,124.0,0.2,33232.0,True,,,5.4,40000.0
app_288,"[{'category': 'Shopping', 'amount': 434}]",,female,1962-11-05,90252,88000.0,71.0,0.27,23054.0,True,,,5.5,67000.0
app_323,"[{'category': 'Travel', 'amount': 133}, {'category': 'Education', 'amount': 65}]",,male,1981-11-08,10090,113000.0,92.0,0.4,27746.0,True,,,3.9,80000.0
app_421,"[{'category': 'Utilities', 'amount': 563}, {'category': 'Dining', 'amount': 861}]",,male,1982-07-17,10027,46000.0,44.0,0.06,5018.0,True,,,6.0,45000.0
app_114,"[{'category': 'Groceries', 'amount': 819}, {'category': 'Travel', 'amount': 261}]",,female,1991-03-01,90204,75000.0,52.0,0.12,23554.0,True,,,3.9,50000.0
app_100,"[{'category': 'Utilities', 'amount': 184}, {'category': 'Dining', 'amount': 463}]",,male,1962-05-01,10001,79000.0,99.0,0.22,36346.0,True,,,2.8,19000.0
app_166,"[{'category': 'Insurance', 'amount': 685}]",2024-01-15 00:00:00+00:00,female,1978-08-03,90247,118000.0,54.0,0.13,35023.0,False,algorithm_risk_score,,,
app_238,"[{'category': 'Fitness', 'amount': 666}, {'category': 'Entertainment', 'amount': 708}, {'category': 'Dining', 'amount': 720}]",,male,1988-03-11,10057,131000.0,112.0,0.17,65612.0,False,algorithm_risk_score,business,,
app_382,"[{'category': 'Travel', 'amount': 838}, {'category': 'Insurance', 'amount': 415}, {'category': 'Utilities', 'amount': 545}]",,male,1994-10-01,10091,102000.0,12.0,0.42,26781.0,True,,,5.8,22000.0
app_493,"[{'category': 'Education', 'amount': 253}, {'category': 'Rent', 'amount': 509}, {'category': 'Transportation', 'amount': 413}]",,female,1973-01-23,90245,100000.0,99.0,0.25,34716.0,True,,,4.1,24000.0
app_351,"[{'category': 'Entertainment', 'amount': 809}]",2025-12-01 00:00:00+00:00,male,1995-04-14,30029,67000.0,9.0,0.12,26062.0,False,algorithm_risk_score,,,
app_110,"[{'category': 'Groceries', 'amount': 316}, {'category': 'Education', 'amount': 181}]",,male,1962-07-07,10011,111000.0,112.0,0.07,58086.0,True,,,3.4,78000.0
app_500,"[{'category': 'Transportation', 'amount': 451}]",,male,1991-02-27,10048,86000.0,12.0,0.13,42908.0,True,,,5.2,38000.0
app_365,"[{'category': 'Insurance', 'amount': 763}]",,male,1989-04-20,10043,79000.0,53.0,0.08,10899.0,True,,,2.6,29000.0
app_255,"[{'category': 'Entertainment', 'amount': 98}, {'category': 'Alcohol', 'amount': 229}]",,male,1991-08-05,10083,59000.0,32.0,0.07,13853.0,True,,,4.8,55000.0
app_449,"[{'category': 'Insurance', 'amount': 498}]",,female,1968-11-09,90234,75000.0,86.0,0.07,27467.0,True,,,5.7,54000.0
app_104,"[{'category': 'Healthcare', 'amount': 425}]",,female,1972-09-25,90254,84000.0,85.0,0.35,32846.0,True,,,3.6,76000.0
app_092,"[{'category': 'Fitness', 'amount': 330}]",,female,1997-09-29,90222,22000.0,31.0,0.4,14473.0,True,,,5.5,29000.0
app_444,"[{'category': 'Shopping', 'amount': 303}, {'category': 'Insurance', 'amount': 509}, {'category': 'Dining', 'amount': 291}]",,male,1981-10-28,10077,91000.0,56.0,0.23,28670.0,True,,,5.5,59000.0
app_109,"[{'category': 'Fitness', 'amount': 67}, {'category': 'Travel', 'amount': 772}, {'category': 'Rent', 'amount': 715}]",,female,2000-01-03,90278,47000.0,27.0,0.23,17289.0,True,,,4.0,17000.0
app_448,"[{'category': 'Entertainment', 'amount': 83}]",,female,1983-12-17,90221,57000.0,22.0,0.23,12120.0,True,,,6.4,47000.0
app_465,"[{'category': 'Entertainment', 'amount': 205}]",,male,1972-05-29,10041,72000.0,89.0,0.32,27863.0,True,,,5.7,20000.0
app_204,"[{'category': 'Travel', 'amount': 778}]",,male,1983-04-12,90256,81000.0,63.0,0.22,14018.0,False,algorithm_risk_score,vacation,,
app_043,"[{'category': 'Groceries', 'amount': 398}, {'category': 'Entertainment', 'amount': 464}]",,male,1985-08-17,10038,131000.0,,0.06,53098.0,True,,,3.9,68000.0
app_271,"[{'category': 'Travel', 'amount': 54}, {'category': 'Utilities', 'amount': 74}]",,female,1988-07-28,90273,95000.0,44.0,0.35,34950.0,True,,,5.8,17000.0
app_391,"[{'category': 'Education', 'amount': 461}]",,male,1963-03-29,10044,69000.0,131.0,0.19,37029.0,True,,,4.9,65000.0
app_057,"[{'category': 'Education', 'amount': 320}, {'category': 'Healthcare', 'amount': 488}]",,female,1990-11-08,90255,70000.0,42.0,0.15,38800.0,True,,,2.5,55000.0
app_071,"[{'category': 'Utilities', 'amount': 719}, {'category': 'Rent', 'amount': 877}]",,female,1978-02-03,90208,134000.0,69.0,0.07,72178.0,True,,,3.8,54000.0
app_240,"[{'category': 'Insurance', 'amount': 778}]",,female,1974-11-27,90209,130000.0,83.0,0.14,59062.0,False,algorithm_risk_score,home_improvement,,
app_008,"[{'category': 'Utilities', 'amount': 881}]",,female,1993-07-12,90244,80000.0,24.0,0.43,22882.0,True,,,3.6,51000.0
app_258,"[{'category': 'Education', 'amount': 661}, {'category': 'Insurance', 'amount': 599}, {'category': 'Healthcare', 'amount': 109}]",,female,1975-04-14,90273,71000.0,119.0,0.19,21151.0,True,,,6.5,73000.0
app_386,"[{'category': 'Rent', 'amount': 350}]",,female,1968-03-20,90283,84000.0,96.0,0.35,41312.0,True,,,4.7,66000.0
app_167,"[{'category': 'Rent', 'amount': 465}, {'category': 'Utilities', 'amount': 641}]",2024-01-15 00:00:00+00:00,female,1983-05-10,90214,105000.0,32.0,0.17,55374.0,False,algorithm_risk_score,,,
app_127,"[{'category': 'Entertainment', 'amount': 581}, {'category': 'Dining', 'amount': 739}, {'category': 'Utilities', 'amount': 379}]",,male,1968-12-30,90261,73000.0,78.0,0.15,28164.0,True,,,5.9,53000.0
app_212,"[{'category': 'Rent', 'amount': 81}]",,female,1997-12-09,90231,50000.0,25.0,0.2,20787.0,False,algorithm_risk_score,personal,,
app_080,"[{'category': 'Utilities', 'amount': 821}, {'category': 'Dining', 'amount': 314}]",,male,1989-08-01,10075,111000.0,58.0,0.39,18138.0,True,,,3.1,37000.0
app_458,"[{'category': 'Groceries', 'amount': 424}, {'category': 'Alcohol', 'amount': 247}]",,male,1978-02-16,10006,90000.0,45.0,0.37,28672.0,True,,,4.3,45000.0
app_289,"[{'category': 'Shopping', 'amount': 361}]",,male,1979-04-20,10080,77000.0,93.0,0.42,33650.0,True,,,4.1,29000.0
app_352,"[{'category': 'Transportation', 'amount': 227}, {'category': 'Healthcare', 'amount': 514}]",,female,1961-11-04,90209,104000.0,110.0,0.32,25826.0,True,,,4.4,58000.0
app_173,"[{'category': 'Utilities', 'amount': 803}, {'category': 'Education', 'amount': 734}]",2024-01-15 00:00:00+00:00,female,1979-07-18,90277,115000.0,60.0,0.05,62581.0,False,algorithm_risk_score,,,
app_317,"[{'category': 'Shopping', 'amount': 771}]",,male,1981-10-27,10057,45000.0,105.0,0.22,19039.0,True,,,4.9,80000.0
app_307,"[{'category': 'Shopping', 'amount': 482}]",,male,1990-07-26,10097,53000.0,83.0,0.1,17420.0,True,,,6.1,57000.0
app_439,"[{'category': 'Shopping', 'amount': 685}, {'category': 'Fitness', 'amount': 97}, {'category': 'Dining', 'amount': 838}]",,male,1976-04-19,10019,87000.0,72.0,0.12,50675.0,True,,,4.2,61000.0
app_007,"[{'category': 'Transportation', 'amount': 290}, {'category': 'Healthcare', 'amount': 416}]",,female,1989-06-13,90284,92000.0,77.0,0.08,21353.0,True,,,5.2,27000.0
app_320,"[{'category': 'Travel', 'amount': 403}, {'category': 'Utilities', 'amount': 706}]",,male,1978-12-01,90286,168000.0,58.0,0.35,13088.0,True,,,5.9,71000.0
app_309,"[{'category': 'Rent', 'amount': 626}, {'category': 'Transportation', 'amount': 688}]",,female,1970-10-01,90250,63000.0,99.0,0.37,21769.0,True,,,5.1,72000.0
app_099,"[{'category': 'Dining', 'amount': 458}]",,male,1990-01-28,10022,55000.0,61.0,0.17,30159.0,True,,,5.6,27000.0
app_184,"[{'category': 'Entertainment', 'amount': 463}]",2024-01-15 00:00:00+00:00,male,1999-05-21,10080,57000.0,14.0,0.23,31763.0,False,algorithm_risk_score,,,
app_024,"[{'category': 'Fitness', 'amount': 575}]",,male,1983-04-25,10077,103000.0,70.0,0.35,0.0,True,,,4.3,34000.0
app_274,"[{'category': 'Utilities', 'amount': 452}, {'category': 'Insurance', 'amount': 277}]",,female,1986-11-20,90235,89000.0,51.0,0.39,27953.0,True,,,5.6,65000.0
app_441,"[{'category': 'Fitness', 'amount': 894}]",,female,1986-12-05,90268,110000.0,20.0,0.12,23593.0,True,,,2.6,74000.0
app_483,"[{'category': 'Entertainment', 'amount': 474}]",,male,1975-09-11,10047,99000.0,44.0,0.07,27423.0,True,,,6.5,80000.0
app_285,"[{'category': 'Healthcare', 'amount': 128}, {'category': 'Fitness', 'amount': 741}]",,female,1987-06-28,90226,75000.0,16.0,0.17,13622.0,True,,,2.5,48000.0
app_032,"[{'category': 'Utilities', 'amount': 483}, {'category': 'Shopping', 'amount': 767}, {'category': 'Rent', 'amount': 694}, {'category': 'Adult Entertainment', 'amount': 497}]",,male,1982-09-29,30019,124000.0,72.0,0.07,24282.0,True,,,5.5,75000.0
app_264,"[{'category': 'Shopping', 'amount': 802}]",,male,1996-04-07,10063,50000.0,19.0,0.23,17902.0,True,,,4.3,39000.0
app_392,"[{'category': 'Insurance', 'amount': 68}]",,female,1998-11-28,90217,56000.0,0.0,0.16,25551.0,True,,,4.5,39000.0
app_436,"[{'category': 'Insurance', 'amount': 339}]",,female,1998-06-02,90217,45000.0,35.0,0.13,10311.0,True,,,3.9,63000.0
app_356,"[{'category': 'Insurance', 'amount': 171}]",,male,1987-01-17,10058,69000.0,67.0,0.4,28596.0,True,,,5.9,37000.0
app_093,"[{'category': 'Education', 'amount': 857}, {'category': 'Fitness', 'amount': 338}]",,female,1983-01-01,90230,137000.0,36.0,0.08,16139.0,True,,,6.1,59000.0
app_054,"[{'category': 'Utilities', 'amount': 566}]",,male,1995-12-10,10043,86000.0,16.0,0.26,28260.0,True,,,6.3,61000.0
app_279,"[{'category': 'Transportation', 'amount': 725}, {'category': 'Fitness', 'amount': 722}, {'category': 'Shopping', 'amount': 260}]",,male,1982-12-11,30012,75000.0,76.0,0.39,4974.0,True,,,5.4,15000.0
app_410,"[{'category': 'Dining', 'amount': 400}, {'category': 'Alcohol', 'amount': 638}]",,male,1995-06-21,10051,66000.0,6.0,0.24,30498.0,True,,,4.9,41000.0
app_263,"[{'category': 'Entertainment', 'amount': 372}]",,male,1983-12-16,10055,153000.0,64.0,0.07,39627.0,True,,,5.0,68000.0
app_084,"[{'category': 'Shopping', 'amount': 217}]",,female,1986-03-24,90279,160000.0,54.0,0.4,78286.0,True,,,4.0,50000.0
app_115,"[{'category': 'Transportation', 'amount': 239}]",,female,1977-02-09,90294,123000.0,52.0,0.07,82257.0,True,,,3.6,23000.0
app_360,"[{'category': 'Utilities', 'amount': 167}, {'category': 'Transportation', 'amount': 52}, {'category': 'Entertainment', 'amount': 363}]",,male,1971-12-16,30007,107000.0,104.0,0.13,31281.0,True,,,2.8,53000.0
app_367,"[{'category': 'Shopping', 'amount': 558}, {'category': 'Insurance', 'amount': 359}]",,female,1979-08-04,90212,97000.0,64.0,0.33,36196.0,True,,,2.7,76000.0
app_486,"[{'category': 'Transportation', 'amount': 777}]",,male,1963-09-15,10040,79000.0,95.0,0.09,35264.0,True,,,2.9,64000.0
app_108,"[{'category': 'Transportation', 'amount': 383}]",,male,1975-06-14,10057,93000.0,62.0,0.42,29257.0,True,,,4.2,44000.0
app_420,"[{'category': 'Utilities', 'amount': 65}]",,female,1988-04-06,10087,81000.0,23.0,0.14,19007.0,True,,,3.4,66000.0
app_335,"[{'category': 'Insurance', 'amount': 327}]",,male,1977-01-29,10092,83000.0,75.0,0.16,57065.0,True,,,3.9,24000.0
app_423,"[{'category': 'Travel', 'amount': 437}, {'category': 'Insurance', 'amount': 331}]",,male,1992-08-16,10026,103000.0,66.0,0.28,40301.0,True,,,3.6,41000.0
app_364,"[{'category': 'Transportation', 'amount': 401}]",,female,1967-10-27,90270,69000.0,49.0,0.27,36070.0,True,,,6.2,27000.0
app_193,"[{'category': 'Education', 'amount': 638}, {'category': 'Adult Entertainment', 'amount': 322}]",2024-01-15 00:00:00+00:00,female,1984-08-02,90221,155000.0,9.0,0.08,30968.0,False,insufficient_credit_history,,,
app_060,"[{'category': 'Utilities', 'amount': 141}, {'category': 'Healthcare', 'amount': 317}, {'category': 'Transportation', 'amount': 315}]",,male,1998-03-25,10042,25000.0,11.0,0.07,12900.0,True,,,3.8,52000.0
app_126,"[{'category': 'Shopping', 'amount': 861}]",,male,1988-08-02,10054,83000.0,48.0,0.39,33657.0,True,,,4.1,37000.0
app_019,"[{'category': 'Healthcare', 'amount': 853}, {'category': 'Entertainment', 'amount': 271}]",,male,1983-05-17,10086,130000.0,78.0,0.18,23420.0,True,,,6.4,19000.0
app_427,"[{'category': 'Insurance', 'amount': 890}]",,male,1983-12-10,90299,117000.0,80.0,0.27,39525.0,True,,,5.6,34000.0
app_117,"[{'category': 'Education', 'amount': 339}]",,male,1981-06-20,10002,69000.0,109.0,0.21,22879.0,True,,,5.9,77000.0
app_454,"[{'category': 'Travel', 'amount': 592}]",,female,1980-04-05,90219,99000.0,74.0,0.18,32988.0,True,,,5.3,76000.0
app_446,"[{'category': 'Travel', 'amount': 650}, {'category': 'Transportation', 'amount': 899}]",,male,1998-04-16,10015,73000.0,19.0,0.31,47962.0,True,,,3.4,20000.0
app_340,"[{'category': 'Education', 'amount': 205}, {'category': 'Entertainment', 'amount': 842}]",,female,1988-12-09,90238,107000.0,56.0,0.18,45341.0,True,,,4.3,33000.0
app_347,"[{'category': 'Education', 'amount': 65}]",,male,1979-01-04,10094,80000.0,42.0,0.38,17742.0,True,,,6.3,38000.0
app_172,"[{'category': 'Rent', 'amount': 809}]",2024-01-15 00:00:00+00:00,female,1988-11-17,90213,64000.0,14.0,0.14,31122.0,False,algorithm_risk_score,,,
app_205,"[{'category': 'Entertainment', 'amount': 821}, {'category': 'Utilities', 'amount': 727}]",,female,1985-06-02,90267,66000.0,53.0,0.25,23205.0,False,algorithm_risk_score,vacation,,
app_033,"[{'category': 'Shopping', 'amount': 185}]",,female,1993-12-10,30047,83000.0,73.0,0.1,27950.0,True,,,6.0,51000.0
app_354,"[{'category': 'Groceries', 'amount': 734}, {'category': 'Shopping', 'amount': 425}, {'category': 'Alcohol', 'amount': 439}]",,male,1978-12-28,10066,89000.0,104.0,0.33,47231.0,True,,,4.7,44000.0
app_254,"[{'category': 'Groceries', 'amount': 691}]",,male,1981-09-28,10003,77000.0,31.0,0.4,29666.0,True,,,2.9,46000.0
app_031,"[{'category': 'Travel', 'amount': 155}, {'category': 'Insurance', 'amount': 62}, {'category': 'Fitness', 'amount': 320}]",,male,1973-05-05,90258,79000.0,83.0,0.36,17700.0,True,,,4.4,51000.0
app_408,"[{'category': 'Fitness', 'amount': 406}, {'category': 'Utilities', 'amount': 342}]",,male,1969-09-27,30022,74000.0,53.0,0.38,29820.0,True,,,4.8,37000.0
app_332,"[{'category': 'Education', 'amount': 810}]",,male,1981-09-28,10025,119000.0,70.0,0.19,43950.0,True,,,6.3,52000.0
app_384,"[{'category': 'Groceries', 'amount': 415}]",,male,1997-02-27,10004,46000.0,3.0,0.06,9529.0,True,,,2.6,60000.0
app_475,"[{'category': 'Utilities', 'amount': 460}]",,female,1982-06-29,90296,108000.0,43.0,0.36,24107.0,True,,,4.5,61000.0
app_290,"[{'category': 'Fitness', 'amount': 599}]",,female,1990-01-06,90221,104000.0,39.0,0.27,,True,,,4.3,49000.0
app_073,"[{'category': 'Transportation', 'amount': 518}, {'category': 'Education', 'amount': 511}]",,female,1985-02-02,90252,97000.0,60.0,0.08,30412.0,True,,,4.8,51000.0
app_338,"[{'category': 'Healthcare', 'amount': 818}]",,female,1983-10-26,90285,132000.0,82.0,0.14,42137.0,True,,,5.7,67000.0
app_435,"[{'category': 'Shopping', 'amount': 663}]",,male,1985-04-25,10077,89000.0,51.0,0.22,11727.0,True,,,5.6,51000.0
app_156,"[{'category': 'Rent', 'amount': 218}]",2024-01-15 00:00:00+00:00,female,1999-11-28,90239,25000.0,,0.21,13641.0,False,algorithm_risk_score,,,
app_201,"[{'category': 'Healthcare', 'amount': 602}]",,male,1996-12-31,10088,36000.0,27.0,0.11,11695.0,False,algorithm_risk_score,home_improvement,,
app_477,"[{'category': 'Groceries', 'amount': 343}, {'category': 'Transportation', 'amount': 340}]",,male,1992-08-07,10096,82000.0,12.0,0.42,22805.0,False,algorithm_risk_score,,,
app_025,"[{'category': 'Education', 'amount': 383}]",,female,1965-11-07,90284,72000.0,63.0,0.25,33294.0,False,algorithm_risk_score,,,
app_130,"[{'category': 'Healthcare', 'amount': 804}, {'category': 'Fitness', 'amount': 671}, {'category': 'Rent', 'amount': 598}]",,female,1981-10-03,90252,135000.0,62.0,0.09,30902.0,False,algorithm_risk_score,,,
app_065,"[{'category': 'Rent', 'amount': 841}, {'category': 'Healthcare', 'amount': 433}, {'category': 'Insurance', 'amount': 836}]",,female,1992-10-08,10070,109000.0,41.0,0.37,30645.0,False,algorithm_risk_score,,,
app_037,"[{'category': 'Rent', 'amount': 608}, {'category': 'Dining', 'amount': 96}, {'category': 'Healthcare', 'amount': 243}]",,male,1992-03-31,10032,78000.0,51.0,0.18,17915.0,False,algorithm_risk_score,,,
app_491,"[{'category': 'Healthcare', 'amount': 792}]",,female,1974-01-17,10048,79000.0,100.0,0.1,30078.0,False,algorithm_risk_score,,,
app_401,"[{'category': 'Healthcare', 'amount': 355}]",,male,1972-03-06,10038,103000.0,29.0,0.39,21830.0,False,high_dti_ratio,,,
app_474,"[{'category': 'Education', 'amount': 54}, {'category': 'Healthcare', 'amount': 92}]",,female,1996-08-21,90242,40000.0,51.0,0.19,13712.0,False,algorithm_risk_score,,,
app_497,"[{'category': 'Groceries', 'amount': 423}]",,male,1994-04-20,90233,48000.0,4.0,0.1,21540.0,False,algorithm_risk_score,,,
app_010,"[{'category': 'Utilities', 'amount': 866}]",,female,1996-09-07,90250,44000.0,62.0,0.25,6824.0,False,algorithm_risk_score,,,
app_125,"[{'category': 'Transportation', 'amount': 385}]",,female,1988-06-25,90203,77000.0,72.0,0.36,30414.0,False,algorithm_risk_score,,,
app_028,"[{'category': 'Fitness', 'amount': 145}]",,female,1985-09-06,10003,90000.0,60.0,0.2,38832.0,False,algorithm_risk_score,,,
app_004,"[{'category': 'Transportation', 'amount': 329}, {'category': 'Groceries', 'amount': 810}]",,female,1995-02-28,90217,69000.0,9.0,0.41,10327.0,False,high_dti_ratio,,,
app_272,"[{'category': 'Dining', 'amount': 372}]",,female,1982-03-02,90227,79000.0,70.0,0.41,34365.0,False,algorithm_risk_score,,,
app_046,"[{'category': 'Transportation', 'amount': 379}, {'category': 'Groceries', 'amount': 156}, {'category': 'Healthcare', 'amount': 585}]",,female,1977-05-13,90231,122000.0,44.0,0.29,34688.0,False,algorithm_risk_score,,,
app_106,"[{'category': 'Fitness', 'amount': 317}, {'category': 'Rent', 'amount': 319}]",,male,1999-08-28,10043,44000.0,20.0,0.16,13124.0,False,algorithm_risk_score,,,
app_460,"[{'category': 'Utilities', 'amount': 438}]",,female,1988-05-31,90266,85000.0,19.0,0.41,28777.0,False,insufficient_credit_history,,,
app_372,"[{'category': 'Utilities', 'amount': 582}]",,female,1967-03-11,90229,77000.0,115.0,0.22,22843.0,False,algorithm_risk_score,,,
app_357,"[{'category': 'Education', 'amount': 889}]",,female,1992-09-28,30007,76000.0,3.0,0.09,33537.0,False,insufficient_credit_history,,,
app_069,"[{'category': 'Entertainment', 'amount': 540}]",,female,1961-04-14,90237,98000.0,93.0,0.25,11645.0,False,algorithm_risk_score,,,
app_123,"[{'category': 'Groceries', 'amount': 779}]",,female,1971-03-31,90272,87000.0,82.0,0.23,39088.0,False,algorithm_risk_score,,,
app_492,"[{'category': 'Transportation', 'amount': 576}, {'category': 'Gambling', 'amount': 339}]",,female,1994-03-03,90225,46000.0,0.0,0.09,9578.0,False,algorithm_risk_score,,,
app_487,"[{'category': 'Utilities', 'amount': 738}]",,male,1986-10-29,10057,60000.0,16.0,0.24,22759.0,False,algorithm_risk_score,,,
app_039,"[{'category': 'Utilities', 'amount': 513}]",,male,1978-09-30,90249,137000.0,73.0,0.29,62951.0,False,algorithm_risk_score,,,
app_074,"[{'category': 'Rent', 'amount': 517}, {'category': 'Alcohol', 'amount': 194}]",,male,1999-03-28,10033,39000.0,82.0,0.19,12904.0,False,low_income,,,
app_359,"[{'category': 'Fitness', 'amount': 363}, {'category': 'Travel', 'amount': 543}]",,female,1997-03-09,90233,65000.0,43.0,0.18,13540.0,False,algorithm_risk_score,,,
app_344,"[{'category': 'Education', 'amount': 751}]",,male,2002-01-18,30029,27000.0,39.0,0.1,3885.0,False,low_income,,,
app_015,"[{'category': 'Healthcare', 'amount': 101}, {'category': 'Fitness', 'amount': 698}, {'category': 'Education', 'amount': 470}]",,male,1985-11-09,10061,118000.0,96.0,0.4,76692.0,False,algorithm_risk_score,,,
app_403,"[{'category': 'Transportation', 'amount': 291}]",,male,1977-01-19,10054,138000.0,96.0,0.09,55499.0,False,algorithm_risk_score,,,
app_044,"[{'category': 'Fitness', 'amount': 526}]",,male,1992-02-02,10021,73000.0,50.0,0.07,19027.0,False,algorithm_risk_score,,,
app_077,"[{'category': 'Transportation', 'amount': 878}]",,female,1994-01-07,90275,86000.0,27.0,0.15,41449.0,False,algorithm_risk_score,,,
app_076,"[{'category': 'Utilities', 'amount': 801}]",,female,1990-12-28,90285,66000.0,35.0,0.43,13607.0,False,insufficient_credit_history,,,
app_438,"[{'category': 'Travel', 'amount': 745}, {'category': 'Dining', 'amount': 136}, {'category': 'Fitness', 'amount': 612}]",,male,1995-12-19,10090,38000.0,35.0,0.22,7228.0,False,algorithm_risk_score,,,
app_430,"[{'category': 'Insurance', 'amount': 748}]",,female,1979-04-21,10066,97000.0,28.0,0.19,17717.0,False,algorithm_risk_score,,,
app_262,"[{'category': 'Dining', 'amount': 760}]",,female,1999-09-28,90264,46000.0,38.0,0.09,18075.0,False,algorithm_risk_score,,,
app_330,"[{'category': 'Travel', 'amount': 885}]",,male,1980-09-19,10026,136000.0,1.0,0.28,35500.0,False,algorithm_risk_score,,,
app_133,"[{'category': 'Insurance', 'amount': 319}, {'category': 'Dining', 'amount': 407}]",,male,1989-10-07,10022,70000.0,72.0,0.16,33883.0,False,algorithm_risk_score,,,
app_064,"[{'category': 'Fitness', 'amount': 409}, {'category': 'Shopping', 'amount': 433}]",,male,1992-06-22,10009,81000.0,64.0,0.37,40674.0,False,algorithm_risk_score,,,
app_434,"[{'category': 'Shopping', 'amount': 644}]",,male,1999-10-08,10050,35000.0,0.0,0.27,14397.0,False,algorithm_risk_score,,,
app_081,"[{'category': 'Rent', 'amount': 519}]",,female,1993-06-16,10053,41000.0,8.0,0.32,13208.0,False,high_dti_ratio,,,
app_353,"[{'category': 'Travel', 'amount': 836}]",,female,1996-03-26,10069,73000.0,26.0,0.24,23924.0,False,algorithm_risk_score,,,
app_453,"[{'category': 'Travel', 'amount': 372}, {'category': 'Groceries', 'amount': 145}]",,male,2000-04-13,10030,28000.0,0.0,0.22,12529.0,False,insufficient_credit_history,,,
app_269,"[{'category': 'Shopping', 'amount': 540}, {'category': 'Rent', 'amount': 619}, {'category': 'Groceries', 'amount': 552}]",,male,1984-12-08,10009,152000.0,44.0,0.32,88078.0,False,algorithm_risk_score,,,
app_472,"[{'category': 'Fitness', 'amount': 798}, {'category': 'Groceries', 'amount': 132}]",,male,1977-04-09,10080,81000.0,53.0,0.44,16798.0,False,algorithm_risk_score,,,
app_348,"[{'category': 'Fitness', 'amount': 199}, {'category': 'Travel', 'amount': 851}]",,male,1989-10-10,10080,55000.0,5.0,0.41,13794.0,False,insufficient_credit_history,,,
app_012,"[{'category': 'Rent', 'amount': 567}, {'category': 'Shopping', 'amount': 408}]",,female,1972-09-26,90220,96000.0,71.0,0.22,38284.0,False,algorithm_risk_score,,,
app_266,"[{'category': 'Insurance', 'amount': 126}, {'category': 'Utilities', 'amount': 373}, {'category': 'Healthcare', 'amount': 86}]",,female,1995-03-04,90202,46000.0,16.0,0.13,20079.0,False,insufficient_credit_history,,,
app_324,"[{'category': 'Entertainment', 'amount': 453}]",,female,1982-05-30,90250,96000.0,89.0,0.16,25814.0,False,algorithm_risk_score,,,
app_049,"[{'category': 'Fitness', 'amount': 444}, {'category': 'Entertainment', 'amount': 848}, {'category': 'Groceries', 'amount': 131}]",,female,2000-05-22,90278,59000.0,92.0,0.36,31881.0,False,algorithm_risk_score,,,
app_468,"[{'category': 'Transportation', 'amount': 701}]",,male,1999-05-23,10046,22000.0,35.0,0.35,8982.0,False,insufficient_credit_history,,,
app_275,"[{'category': 'Entertainment', 'amount': 571}]",,female,1982-02-14,10019,110000.0,33.0,0.05,49933.0,False,algorithm_risk_score,,,
app_085,"[{'category': 'Fitness', 'amount': 679}, {'category': 'Entertainment', 'amount': 337}, {'category': 'Travel', 'amount': 382}]",,female,2000-01-12,90234,37000.0,5.0,0.15,18428.0,False,insufficient_credit_history,,,
app_381,"[{'category': 'Utilities', 'amount': 289}]",,female,1995-01-08,90209,82000.0,51.0,0.19,32404.0,False,algorithm_risk_score,,,
app_101,"[{'category': 'Groceries', 'amount': 527}, {'category': 'Entertainment', 'amount': 464}]",,female,1997-03-23,90255,55000.0,0.0,0.3,15364.0,False,algorithm_risk_score,,,
app_078,"[{'category': 'Transportation', 'amount': 294}]",,female,1997-02-25,90299,47000.0,19.0,0.26,14054.0,False,insufficient_credit_history,,,
app_343,"[{'category': 'Dining', 'amount': 257}]",,female,1979-05-02,90275,96000.0,26.0,0.18,33687.0,False,insufficient_credit_history,,,
app_322,"[{'category': 'Healthcare', 'amount': 897}]",,female,1992-02-24,90246,84000.0,0.0,0.42,12426.0,False,high_dti_ratio,,,
app_276,"[{'category': 'Groceries', 'amount': 248}, {'category': 'Healthcare', 'amount': 592}]",,female,1995-05-07,90260,30000.0,0.0,0.13,3388.0,False,algorithm_risk_score,,,
app_280,"[{'category': 'Utilities', 'amount': 275}]",,male,1987-02-06,10046,57000.0,13.0,0.24,14728.0,False,insufficient_credit_history,,,
app_422,"[{'category': 'Rent', 'amount': 322}]",,female,1981-08-17,90284,108000.0,80.0,0.37,30248.0,False,algorithm_risk_score,,,
app_388,"[{'category': 'Entertainment', 'amount': 259}]",,female,1993-01-03,90296,100000.0,8.0,0.22,15898.0,False,algorithm_risk_score,,,
app_494,"[{'category': 'Education', 'amount': 668}, {'category': 'Entertainment', 'amount': 825}]",,male,1999-07-11,10073,32000.0,0.0,0.32,9358.0,False,insufficient_credit_history,,,
app_398,"[{'category': 'Rent', 'amount': 693}, {'category': 'Dining', 'amount': 481}, {'category': 'Fitness', 'amount': 373}]",,female,1969-12-10,90272,58000.0,92.0,0.14,20917.0,False,algorithm_risk_score,,,
app_097,"[{'category': 'Fitness', 'amount': 442}, {'category': 'Gambling', 'amount': 216}]",,female,1976-11-09,90262,141000.0,33.0,0.26,22923.0,False,insufficient_credit_history,,,
app_432,"[{'category': 'Rent', 'amount': 453}]",,female,2001-10-04,90273,75000.0,8.0,0.18,24681.0,False,algorithm_risk_score,,,
app_023,"[{'category': 'Fitness', 'amount': 555}, {'category': 'Groceries', 'amount': 661}, {'category': 'Utilities', 'amount': 372}]",,male,1998-07-21,10019,44000.0,55.0,0.08,27397.0,False,algorithm_risk_score,,,
app_464,"[{'category': 'Dining', 'amount': 850}, {'category': 'Rent', 'amount': 325}]",,female,1993-06-13,90239,41000.0,28.0,0.33,22193.0,False,high_dti_ratio,,,
app_452,"[{'category': 'Groceries', 'amount': 626}, {'category': 'Rent', 'amount': 377}, {'category': 'Utilities', 'amount': 105}]",,female,1994-03-25,90221,66000.0,67.0,0.07,24654.0,False,algorithm_risk_score,,,
app_369,"[{'category': 'Dining', 'amount': 233}, {'category': 'Education', 'amount': 700}]",,female,1985-01-03,90259,102000.0,35.0,0.17,33980.0,False,algorithm_risk_score,,,
app_304,"[{'category': 'Utilities', 'amount': 62}]",,female,1981-08-06,90208,106000.0,69.0,0.2,51392.0,False,algorithm_risk_score,,,
app_424,"[{'category': 'Dining', 'amount': 627}]",,male,1983-12-23,10020,98000.0,30.0,0.12,13780.0,False,algorithm_risk_score,,,
app_314,"[{'category': 'Education', 'amount': 449}, {'category': 'Travel', 'amount': 726}]",,female,1996-01-03,90266,73000.0,31.0,0.3,19081.0,False,algorithm_risk_score,,,
app_137,"[{'category': 'Insurance', 'amount': 717}]",,female,1990-04-18,90205,81000.0,53.0,0.19,13306.0,False,algorithm_risk_score,,,
app_336,"[{'category': 'Healthcare', 'amount': 358}, {'category': 'Travel', 'amount': 885}]",,female,1988-02-26,90293,116000.0,39.0,0.09,27855.0,False,algorithm_risk_score,,,
app_321,"[{'category': 'Fitness', 'amount': 61}]",,female,1981-06-11,10081,74000.0,77.0,0.07,26411.0,False,algorithm_risk_score,,,
app_498,"[{'category': 'Education', 'amount': 177}, {'category': 'Fitness', 'amount': 93}]",,male,1989-10-19,90276,86000.0,33.0,0.29,36901.0,False,algorithm_risk_score,,,
app_011,"[{'category': 'Entertainment', 'amount': 209}, {'category': 'Fitness', 'amount': 648}]",,female,1992-12-30,90205,89000.0,5.0,0.31,24246.0,False,algorithm_risk_score,,,
app_070,"[{'category': 'Dining', 'amount': 168}]",,female,1980-09-02,90292,121000.0,59.0,0.43,24655.0,False,algorithm_risk_score,,,
app_376,"[{'category': 'Education', 'amount': 212}]",,female,1968-10-01,90283,82000.0,96.0,0.2,33059.0,False,algorithm_risk_score,,,
app_083,"[{'category': 'Groceries', 'amount': 375}, {'category': 'Shopping', 'amount': 180}, {'category': 'Transportation', 'amount': 571}]",,male,1989-11-04,10069,57000.0,40.0,0.23,29607.0,False,algorithm_risk_score,,,
app_270,"[{'category': 'Travel', 'amount': 150}]",,female,1993-10-19,10098,58000.0,78.0,0.24,14687.0,False,algorithm_risk_score,,,
app_030,"[{'category': 'Healthcare', 'amount': 874}]",,male,1989-03-12,10063,72000.0,30.0,0.37,28898.0,False,insufficient_credit_history,,,
app_018,"[{'category': 'Rent', 'amount': 723}, {'category': 'Shopping', 'amount': 167}]",,male,1991-12-23,10096,64000.0,18.0,0.2,11567.0,False,algorithm_risk_score,,,
app_040,"[{'category': 'Entertainment', 'amount': 499}]",,male,1983-05-05,10015,90000.0,51.0,0.19,28995.0,False,algorithm_risk_score,,,
app_361,"[{'category': 'Transportation', 'amount': 753}]",,male,1985-10-03,10013,140000.0,19.0,0.2,54813.0,False,algorithm_risk_score,,,
app_341,"[{'category': 'Fitness', 'amount': 363}]",,female,1991-05-13,10035,63000.0,50.0,0.21,15639.0,False,algorithm_risk_score,,,
app_016,"[{'category': 'Groceries', 'amount': 485}]",,male,1959-12-11,10091,123000.0,71.0,0.37,86599.0,False,algorithm_risk_score,,,
app_128,"[{'category': 'Fitness', 'amount': 199}]",,male,1985-04-02,10078,94000.0,81.0,0.4,73842.0,False,high_dti_ratio,,,
app_379,"[{'category': 'Groceries', 'amount': 806}, {'category': 'Shopping', 'amount': 323}]",,male,1987-10-23,10019,103000.0,31.0,0.42,44360.0,False,algorithm_risk_score,,,
app_327,"[{'category': 'Fitness', 'amount': 272}, {'category': 'Dining', 'amount': 481}, {'category': 'Travel', 'amount': 601}]",,female,1999-10-24,90261,40000.0,72.0,0.2,14626.0,False,algorithm_risk_score,,,
app_066,"[{'category': 'Insurance', 'amount': 531}]",,female,1999-09-10,90214,28000.0,20.0,0.36,11680.0,False,algorithm_risk_score,,,
app_072,"[{'category': 'Travel', 'amount': 388}]",,female,1998-03-14,30044,65000.0,20.0,0.28,19076.0,False,insufficient_credit_history,,,
app_014,"[{'category': 'Dining', 'amount': 339}]",,female,1995-01-14,10086,112000.0,35.0,0.45,9647.0,False,algorithm_risk_score,,,
app_374,"[{'category': 'Shopping', 'amount': 471}, {'category': 'Rent', 'amount': 666}]",,female,1969-12-26,90294,81000.0,41.0,0.17,13259.0,False,algorithm_risk_score,,,
app_407,"[{'category': 'Entertainment', 'amount': 52}, {'category': 'Fitness', 'amount': 606}, {'category': 'Insurance', 'amount': 781}]",,male,1990-11-09,10076,74000.0,31.0,0.26,32341.0,False,algorithm_risk_score,,,
app_261,"[{'category': 'Transportation', 'amount': 252}, {'category': 'Travel', 'amount': 352}]",,male,1972-12-28,10041,63000.0,59.0,0.38,23287.0,False,algorithm_risk_score,,,
app_315,"[{'category': 'Travel', 'amount': 760}]",,male,1977-07-31,10027,81000.0,47.0,0.23,30944.0,False,algorithm_risk_score,,,
app_002,"[{'category': 'Education', 'amount': 533}]",,male,1999-08-01,10020,41000.0,5.0,0.36,18200.0,False,algorithm_risk_score,,,
app_138,"[{'category': 'Insurance', 'amount': 371}, {'category': 'Entertainment', 'amount': 305}, {'category': 'Adult Entertainment', 'amount': 848}]",,male,1963-08-01,10036,64000.0,56.0,0.24,26880.0,False,algorithm_risk_score,,,
app_301,"[{'category': 'Education', 'amount': 115}, {'category': 'Travel', 'amount': 356}, {'category': 'Shopping', 'amount': 537}]",,female,1981-03-18,90226,65000.0,50.0,0.1,28502.0,False,algorithm_risk_score,,,
app_412,"[{'category': 'Rent', 'amount': 334}]",,male,1997-02-16,10096,53000.0,61.0,0.43,25452.0,False,high_dti_ratio,,,
app_303,"[{'category': 'Insurance', 'amount': 373}, {'category': 'Healthcare', 'amount': 436}, {'category': 'Groceries', 'amount': 471}]",,female,1998-03-12,90281,41000.0,67.0,0.41,9650.0,False,algorithm_risk_score,,,
app_450,"[{'category': 'Dining', 'amount': 742}]",,female,1988-03-18,90227,89000.0,67.0,0.29,27374.0,False,algorithm_risk_score,,,
app_331,"[{'category': 'Entertainment', 'amount': 531}]",,male,1974-04-06,10083,88000.0,64.0,0.29,27261.0,False,algorithm_risk_score,,,
app_394,"[{'category': 'Groceries', 'amount': 395}, {'category': 'Dining', 'amount': 545}]",,female,1998-09-02,90271,61000.0,54.0,0.16,16646.0,False,algorithm_risk_score,,,
app_377,"[{'category': 'Utilities', 'amount': 566}]",,female,1990-09-26,90237,116000.0,9.0,0.19,48943.0,True,,,4.5,40000.0
app_135,"[{'category': 'Healthcare', 'amount': 255}, {'category': 'Travel', 'amount': 222}]",,female,1986-10-23,90202,65000.0,92.0,0.22,9369.0,False,algorithm_risk_score,,,
app_116,"[{'category': 'Fitness', 'amount': 301}, {'category': 'Transportation', 'amount': 439}]",,female,1993-08-14,90224,102000.0,38.0,0.09,41035.0,False,algorithm_risk_score,,,
app_316,"[{'category': 'Entertainment', 'amount': 774}, {'category': 'Travel', 'amount': 642}]",,male,1989-02-07,10003,74000.0,16.0,0.3,25959.0,False,insufficient_credit_history,,,
app_318,"[{'category': 'Fitness', 'amount': 599}, {'category': 'Entertainment', 'amount': 269}]",,female,1987-04-26,10011,68000.0,40.0,0.08,21717.0,False,algorithm_risk_score,,,
app_027,"[{'category': 'Groceries', 'amount': 576}]",,female,1994-04-05,90214,75000.0,16.0,0.28,31461.0,False,insufficient_credit_history,,,
app_294,"[{'category': 'Education', 'amount': 484}]",,female,1985-03-13,90298,120000.0,15.0,0.36,36582.0,False,high_dti_ratio,,,
app_463,"[{'category': 'Travel', 'amount': 690}, {'category': 'Transportation', 'amount': 229}]",,female,1975-04-26,90205,86000.0,50.0,0.29,66878.0,False,algorithm_risk_score,,,
app_429,"[{'category': 'Travel', 'amount': 498}]",,female,1996-02-26,90286,77000.0,41.0,0.18,26023.0,False,algorithm_risk_score,,,
app_283,"[{'category': 'Dining', 'amount': 648}]",,female,1990-12-27,10055,70000.0,5.0,0.09,34596.0,False,algorithm_risk_score,,,
app_005,"[{'category': 'Insurance', 'amount': 585}]",,female,1960-06-19,90296,39000.0,76.0,0.06,15011.0,False,algorithm_risk_score,,,
app_096,"[{'category': 'Utilities', 'amount': 298}]",,male,1995-05-16,10014,84000.0,8.0,0.3,41724.0,False,algorithm_risk_score,,,
app_265,"[{'category': 'Healthcare', 'amount': 491}]",,male,1964-01-10,10044,57000.0,67.0,0.14,12651.0,False,algorithm_risk_score,,,
app_278,"[{'category': 'Fitness', 'amount': 414}]",,female,1997-05-21,10024,56000.0,0.0,0.28,9221.0,False,algorithm_risk_score,,,
app_469,"[{'category': 'Rent', 'amount': 320}, {'category': 'Utilities', 'amount': 353}]",,female,1997-03-01,90218,47000.0,11.0,0.38,21972.0,False,algorithm_risk_score,,,
app_415,"[{'category': 'Education', 'amount': 764}, {'category': 'Dining', 'amount': 804}]",,male,1994-01-12,10002,105000.0,32.0,0.06,37428.0,False,algorithm_risk_score,,,
app_405,"[{'category': 'Groceries', 'amount': 364}, {'category': 'Transportation', 'amount': 566}, {'category': 'Shopping', 'amount': 839}]",,female,1989-09-05,90202,48000.0,13.0,0.38,964.0,False,high_dti_ratio,,,
app_252,"[{'category': 'Entertainment', 'amount': 784}, {'category': 'Rent', 'amount': 897}, {'category': 'Education', 'amount': 147}]",,female,2001-12-23,90270,31000.0,29.0,0.44,10534.0,False,insufficient_credit_history,,,
app_253,"[{'category': 'Dining', 'amount': 223}]",,female,1970-08-11,90241,93000.0,91.0,0.29,27309.0,False,algorithm_risk_score,,,
app_489,"[{'category': 'Utilities', 'amount': 640}, {'category': 'Rent', 'amount': 894}]",,female,1966-07-25,90284,47000.0,84.0,0.06,14947.0,False,low_income,,,
app_368,"[{'category': 'Travel', 'amount': 521}]",,male,1996-08-27,10045,29000.0,0.0,0.22,5045.0,False,algorithm_risk_score,,,
app_282,"[{'category': 'Insurance', 'amount': 399}]",,female,1978-03-07,30017,118000.0,66.0,0.07,32286.0,False,algorithm_risk_score,,,
app_325,"[{'category': 'Rent', 'amount': 191}]",,female,1981-11-01,10043,79000.0,63.0,0.39,27810.0,False,algorithm_risk_score,,,
app_413,"[{'category': 'Rent', 'amount': 856}]",,male,1986-10-21,10044,92000.0,30.0,0.3,41179.0,True,,,6.2,41000.0
app_118,"[{'category': 'Education', 'amount': 754}, {'category': 'Travel', 'amount': 209}]",,female,1959-01-01,30038,110000.0,87.0,0.34,47222.0,False,algorithm_risk_score,,,
app_088,"[{'category': 'Transportation', 'amount': 339}]",,female,1986-10-15,90229,55000.0,55.0,0.43,29118.0,False,algorithm_risk_score,,,
app_107,"[{'category': 'Dining', 'amount': 581}, {'category': 'Rent', 'amount': 857}]",,male,1960-01-12,10087,91000.0,105.0,0.3,37143.0,False,algorithm_risk_score,,,
app_366,"[{'category': 'Dining', 'amount': 194}, {'category': 'Healthcare', 'amount': 51}, {'category': 'Utilities', 'amount': 396}]",,female,1990-11-30,90211,45000.0,47.0,0.34,19272.0,False,algorithm_risk_score,,,
app_299,"[{'category': 'Dining', 'amount': 854}, {'category': 'Healthcare', 'amount': 787}, {'category': 'Groceries', 'amount': 531}]",,male,1972-08-28,10054,64000.0,58.0,0.18,23101.0,False,algorithm_risk_score,,,
app_362,"[{'category': 'Entertainment', 'amount': 479}]",,female,2000-12-24,90279,70000.0,18.0,0.1,35720.0,False,algorithm_risk_score,,,
app_119,"[{'category': 'Shopping', 'amount': 761}]",,female,1991-12-21,90216,74000.0,0.0,0.45,24617.0,False,algorithm_risk_score,,,
app_416,"[{'category': 'Entertainment', 'amount': 758}, {'category': 'Education', 'amount': 770}]",,male,1981-10-11,10066,100000.0,59.0,0.2,46148.0,False,algorithm_risk_score,,,
app_319,"[{'category': 'Education', 'amount': 568}]",,female,1995-08-01,90211,55000.0,33.0,0.26,12428.0,False,insufficient_credit_history,,,
app_488,"[{'category': 'Entertainment', 'amount': 635}, {'category': 'Education', 'amount': 849}]",,female,1999-12-14,90201,33000.0,0.0,0.2,7021.0,False,algorithm_risk_score,,,
app_442,"[{'category': 'Healthcare', 'amount': 536}]",,female,1972-12-18,90232,58000.0,88.0,0.11,13402.0,False,algorithm_risk_score,,,
app_419,"[{'category': 'Healthcare', 'amount': 145}, {'category': 'Travel', 'amount': 174}, {'category': 'Rent', 'amount': 647}]",,male,1987-09-18,10096,125000.0,5.0,0.24,63180.0,False,algorithm_risk_score,,,
app_490,"[{'category': 'Entertainment', 'amount': 753}, {'category': 'Healthcare', 'amount': 478}]",,female,1987-04-13,90251,171000.0,74.0,0.26,45864.0,False,algorithm_risk_score,,,
app_139,"[{'category': 'Travel', 'amount': 617}]",,male,1972-12-13,10006,88000.0,76.0,0.06,25968.0,False,algorithm_risk_score,,,
app_001,"[{'category': 'Fitness', 'amount': 576}]",,female,1986-05-27,90230,102000.0,37.0,0.42,0.0,False,high_dti_ratio,,,
app_346,"[{'category': 'Transportation', 'amount': 752}]",,male,1979-10-29,90276,140000.0,60.0,0.25,38125.0,False,algorithm_risk_score,,,
app_045,"[{'category': 'Dining', 'amount': 390}]",,female,1964-12-22,90237,76000.0,82.0,0.21,25982.0,False,algorithm_risk_score,,,
app_393,"[{'category': 'Groceries', 'amount': 723}, {'category': 'Insurance', 'amount': 687}, {'category': 'Dining', 'amount': 651}]",,male,1997-08-08,10048,58000.0,21.0,0.14,10886.0,False,insufficient_credit_history,,,
app_059,"[{'category': 'Rent', 'amount': 234}]",,male,1992-11-21,10029,103000.0,50.0,0.3,40581.0,False,algorithm_risk_score,,,
app_345,"[{'category': 'Dining', 'amount': 122}]",,male,1978-08-20,10041,60000.0,42.0,0.34,25288.0,False,algorithm_risk_score,,,
app_098,"[{'category': 'Transportation', 'amount': 784}, {'category': 'Education', 'amount': 722}]",,male,1965-01-17,10006,92000.0,92.0,0.38,34427.0,False,algorithm_risk_score,,,
app_482,"[{'category': 'Education', 'amount': 646}, {'category': 'Transportation', 'amount': 152}, {'category': 'Insurance', 'amount': 172}]",,male,1975-12-08,10008,98000.0,61.0,0.33,23017.0,False,high_dti_ratio,,,
app_056,"[{'category': 'Healthcare', 'amount': 306}, {'category': 'Groceries', 'amount': 634}]",,male,1980-12-24,10069,99000.0,37.0,0.35,33129.0,False,algorithm_risk_score,,,
app_140,"[{'category': 'Travel', 'amount': 487}, {'category': 'Shopping', 'amount': 315}]",,male,1973-06-27,10047,45000.0,76.0,0.15,16933.0,False,algorithm_risk_score,,,
app_461,"[{'category': 'Entertainment', 'amount': 610}, {'category': 'Transportation', 'amount': 226}]",,female,1997-06-20,90280,46000.0,38.0,0.28,13390.0,False,algorithm_risk_score,,,
app_431,"[{'category': 'Travel', 'amount': 720}, {'category': 'Fitness', 'amount': 570}]",,female,1960-02-08,90203,68000.0,129.0,0.4,24830.0,False,algorithm_risk_score,,,
app_251,"[{'category': 'Groceries', 'amount': 580}, {'category': 'Travel', 'amount': 633}, {'category': 'Healthcare', 'amount': 575}]",,male,1984-12-25,10096,98000.0,19.0,0.31,27789.0,False,algorithm_risk_score,,,
app_113,"[{'category': 'Utilities', 'amount': 359}, {'category': 'Transportation', 'amount': 723}]",,female,1997-04-18,90272,40000.0,45.0,0.22,11728.0,False,algorithm_risk_score,,,
app_079,"[{'category': 'Utilities', 'amount': 815}, {'category': 'Dining', 'amount': 748}]",,female,1972-12-28,90280,97000.0,102.0,0.31,32958.0,False,high_dti_ratio,,,
app_260,"[{'category': 'Dining', 'amount': 636}, {'category': 'Utilities', 'amount': 100}, {'category': 'Travel', 'amount': 399}]",,male,1967-10-09,10035,36000.0,66.0,0.2,1358.0,False,algorithm_risk_score,,,
app_479,"[{'category': 'Transportation', 'amount': 136}]",,female,1983-11-08,90205,94000.0,56.0,0.11,15630.0,False,algorithm_risk_score,,,
app_371,"[{'category': 'Rent', 'amount': 180}, {'category': 'Groceries', 'amount': 823}]",,female,1995-02-23,90250,76000.0,12.0,0.11,59032.0,False,algorithm_risk_score,,,
app_329,"[{'category': 'Transportation', 'amount': 546}]",,female,1966-10-06,90247,55000.0,85.0,0.42,20278.0,False,algorithm_risk_score,,,
app_350,"[{'category': 'Utilities', 'amount': 876}, {'category': 'Entertainment', 'amount': 670}]",,female,,90291,89000.0,52.0,0.2,14377.0,True,,,4.1,67000.0
app_165,"[{'category': 'Dining', 'amount': 435}, {'category': 'Insurance', 'amount': 508}]",2024-01-15 00:00:00+00:00,male,,10077,66000.0,6.0,0.16,36936.0,True,,,5.6,53000.0
app_268,"[{'category': 'Utilities', 'amount': 267}, {'category': 'Gambling', 'amount': 751}]",,,1971-05-14,10005,112000.0,102.0,0.07,54823.0,True,,,3.4,41000.0
app_120,"[{'category': 'Utilities', 'amount': 808}, {'category': 'Dining', 'amount': 590}]",,female,,90240,103000.0,96.0,0.45,26517.0,False,algorithm_risk_score,,,
app_075,"[{'category': 'Shopping', 'amount': 121}, {'category': 'Transportation', 'amount': 59}, {'category': 'Entertainment', 'amount': 882}]",,,,,61000.0,29.0,0.15,25894.0,True,,,5.1,22000.0
